Images/lapel_design_labels/f695c2ec334c21875426f73d48b8de30.jpg,lapel_design_labels,?
Images/lapel_design_labels/156228a4743bfd86cefd8aee70ad44c4.jpg,lapel_design_labels,?
Images/lapel_design_labels/958efc6c60708faffad993e7f2507b4a.jpg,lapel_design_labels,?
Images/lapel_design_labels/fb10354f0f2cc4caa3138e0713516aa0.jpg,lapel_design_labels,?
Images/lapel_design_labels/d00d5ebf980c9272c7cf4fb91db15e13.jpg,lapel_design_labels,?
Images/lapel_design_labels/2469bed3da76d7c12723cf3dfe11561a.jpg,lapel_design_labels,?
Images/lapel_design_labels/e87971872df80dd1270ab5a739571d42.jpg,lapel_design_labels,?
Images/lapel_design_labels/90743dd9871eccf43c9db20cde2b5ec2.jpg,lapel_design_labels,?
Images/lapel_design_labels/0e22be5ada33f0256dbd1808fd371173.jpg,lapel_design_labels,?
Images/lapel_design_labels/aee40be8d294248f99d150e7b476772e.jpg,lapel_design_labels,?
Images/lapel_design_labels/69a11b77221303528d268720c9d4d1d4.jpg,lapel_design_labels,?
Images/lapel_design_labels/3721733719479c7a758837933049c92a.jpg,lapel_design_labels,?
Images/lapel_design_labels/572c59d34b30f83c820ed65e0959df81.jpg,lapel_design_labels,?
Images/lapel_design_labels/50041ace2a62972a04f2bc9e952a9936.jpg,lapel_design_labels,?
Images/lapel_design_labels/131a2fd450af2c7df23c07d51c439250.jpg,lapel_design_labels,?
Images/lapel_design_labels/61494d3b771c1708f04784d62bfb604a.jpg,lapel_design_labels,?
Images/lapel_design_labels/f361a8f46b2659a4208a5ecad2e9182c.jpg,lapel_design_labels,?
Images/lapel_design_labels/69165d1761456034af5f895a8e962590.jpg,lapel_design_labels,?
Images/lapel_design_labels/e6a61c626f1dd188446c48c6635339ce.jpg,lapel_design_labels,?
Images/lapel_design_labels/f3c6c807a983150fb2c45e5311f15354.jpg,lapel_design_labels,?
Images/lapel_design_labels/9015c951d8424e7dde3ef370676f3b17.jpg,lapel_design_labels,?
Images/lapel_design_labels/f1a00eae152ea1c7c34fefe85ca04a6f.jpg,lapel_design_labels,?
Images/lapel_design_labels/91777187cbf559e64538baaa26fca261.jpg,lapel_design_labels,?
Images/lapel_design_labels/6f105ab67bda37005770d03b5477edfd.jpg,lapel_design_labels,?
Images/lapel_design_labels/58c77990c44be27e07690b5120d3f1c4.jpg,lapel_design_labels,?
Images/lapel_design_labels/265a89de86e462750a24a5c4db7c1554.jpg,lapel_design_labels,?
Images/lapel_design_labels/be8f80d17311e64618fe0c4441fed7f8.jpg,lapel_design_labels,?
Images/lapel_design_labels/088467456976267b7a4c352fdbedfef5.jpg,lapel_design_labels,?
Images/lapel_design_labels/ec957103fefeceae3be39f6fa87b0f11.jpg,lapel_design_labels,?
Images/lapel_design_labels/0b9c0619707e69798feb071eea6ec7fb.jpg,lapel_design_labels,?
Images/lapel_design_labels/8555db37416c926fabed269e2ac665b0.jpg,lapel_design_labels,?
Images/lapel_design_labels/059b6252502f63cedc715efab6b0e24d.jpg,lapel_design_labels,?
Images/lapel_design_labels/e7bc849b1cbba68e044d52d03851890e.jpg,lapel_design_labels,?
Images/lapel_design_labels/a6483f8362d883b91aec58dce51f10a8.jpg,lapel_design_labels,?
Images/lapel_design_labels/7e0a03cb5f57b7fa247816793ebe3fd0.jpg,lapel_design_labels,?
Images/lapel_design_labels/7be758e134c20937fd2854f14762b459.jpg,lapel_design_labels,?
Images/lapel_design_labels/51c6e07d7689593691e3937e5510c24f.jpg,lapel_design_labels,?
Images/lapel_design_labels/066f248d22f7a5156c52347abd2dd4de.jpg,lapel_design_labels,?
Images/lapel_design_labels/50551964611d9a9dcc0f78780489b24e.jpg,lapel_design_labels,?
Images/lapel_design_labels/53e061fe9f2ed2e4c20a379c412b4969.jpg,lapel_design_labels,?
Images/lapel_design_labels/33246beed83d364afe58fcc6e610e900.jpg,lapel_design_labels,?
Images/lapel_design_labels/3742820e4bfbd88bfce75b785d7db77f.jpg,lapel_design_labels,?
Images/lapel_design_labels/1c30b520b651c83014d806708a8cb144.jpg,lapel_design_labels,?
Images/lapel_design_labels/d3b47c8bf1d8273d86ea100314f842d2.jpg,lapel_design_labels,?
Images/lapel_design_labels/d8406c6fcb5cb55d8d80a2a79c2826c3.jpg,lapel_design_labels,?
Images/lapel_design_labels/48d648fbe6308da7a5e161702d55f5d8.jpg,lapel_design_labels,?
Images/lapel_design_labels/5f2d6b97324124c3ed40022a9ffa9f2b.jpg,lapel_design_labels,?
Images/lapel_design_labels/2738d662619479b8d570ad69ef33fb05.jpg,lapel_design_labels,?
Images/lapel_design_labels/e2df0a22eeb5ce0392ff802ccb80bf99.jpg,lapel_design_labels,?
Images/lapel_design_labels/8ba22086c8f80c5704b6d07331249042.jpg,lapel_design_labels,?
Images/lapel_design_labels/c0ca7afbaa49ce7c24c683f13f1e63ec.jpg,lapel_design_labels,?
Images/lapel_design_labels/899e8d9c880b4a5a405430b393388e37.jpg,lapel_design_labels,?
Images/lapel_design_labels/b9ed8349a9931d586661b80231d77626.jpg,lapel_design_labels,?
Images/lapel_design_labels/69517cd822515d39697a193b13037035.jpg,lapel_design_labels,?
Images/lapel_design_labels/386e091781a141ad6969ccd4473ed900.jpg,lapel_design_labels,?
Images/lapel_design_labels/e07ae6a99890a60eb77facc2c32beb50.jpg,lapel_design_labels,?
Images/lapel_design_labels/5fc264b41109636a1a1ff75aaa9988a2.jpg,lapel_design_labels,?
Images/lapel_design_labels/19303386ba9e184a55aae72f2c30dca6.jpg,lapel_design_labels,?
Images/lapel_design_labels/c9bb28bea9a77e4e0f1d8e56729b5652.jpg,lapel_design_labels,?
Images/lapel_design_labels/1542a162680f42c420de6c56518beba1.jpg,lapel_design_labels,?
Images/lapel_design_labels/c493726f301d5b21d29901a090525848.jpg,lapel_design_labels,?
Images/lapel_design_labels/0de373c1775001d81946bf1581e495b6.jpg,lapel_design_labels,?
Images/lapel_design_labels/bb6178071e880deeae0244ab68daf982.jpg,lapel_design_labels,?
Images/lapel_design_labels/97517335f522676377f1b3e06aac6b08.jpg,lapel_design_labels,?
Images/lapel_design_labels/ce433282dabf69320cbe4dcd32387833.jpg,lapel_design_labels,?
Images/lapel_design_labels/ffe70f4ba9932ae2f0cfe6ac62065f7b.jpg,lapel_design_labels,?
Images/lapel_design_labels/1bc32bb7baf60a63ed4b28ceaff1f4c7.jpg,lapel_design_labels,?
Images/lapel_design_labels/b1c64c9b2d391ae538613a0d3cc15cfb.jpg,lapel_design_labels,?
Images/lapel_design_labels/3e001f0aed7a79069f11affdb9ed228c.jpg,lapel_design_labels,?
Images/lapel_design_labels/cf07d6049797c2b5ad13e88bebd0f35b.jpg,lapel_design_labels,?
Images/lapel_design_labels/3fbdef6f21b5aa84279aca24d15b7b4c.jpg,lapel_design_labels,?
Images/lapel_design_labels/6dcd89c5d16ff83d82237677ca46dbf3.jpg,lapel_design_labels,?
Images/lapel_design_labels/cb6c5a0c525c6f056f2f51e1a149cb72.jpg,lapel_design_labels,?
Images/lapel_design_labels/a64009a76df77c9cb5cd43619013cde0.jpg,lapel_design_labels,?
Images/lapel_design_labels/863ff42e2dc2e573e085c7f24b786be6.jpg,lapel_design_labels,?
Images/lapel_design_labels/b917bf1b529f04c4b9b484b0c3d8acb3.jpg,lapel_design_labels,?
Images/lapel_design_labels/a3c3e47a5e6e2a5ef823dde7b853b13d.jpg,lapel_design_labels,?
Images/lapel_design_labels/45a3e675c45bad81dfb9fda3b8803825.jpg,lapel_design_labels,?
Images/lapel_design_labels/393f4962b5c2fbf42cbfbb3cd3ab02b1.jpg,lapel_design_labels,?
Images/lapel_design_labels/572005575171d75083dda146487bbc7d.jpg,lapel_design_labels,?
Images/lapel_design_labels/fb84ea6458cf967af9524bb13520ccfa.jpg,lapel_design_labels,?
Images/lapel_design_labels/3fed445046d5cdf8fb5fe9aa4902d419.jpg,lapel_design_labels,?
Images/lapel_design_labels/29c600fe1d12a11655ce519229c50bf7.jpg,lapel_design_labels,?
Images/lapel_design_labels/80f1d29aab26a35345159e537054f1d2.jpg,lapel_design_labels,?
Images/lapel_design_labels/be7ed03d4770512b7f02d48d8201e938.jpg,lapel_design_labels,?
Images/lapel_design_labels/62e1cc25376b214a01951506f18dae1f.jpg,lapel_design_labels,?
Images/lapel_design_labels/8f1c384e4deedd2df3fe1b028287560d.jpg,lapel_design_labels,?
Images/lapel_design_labels/aef3e46c42b60e5e246947f66d855722.jpg,lapel_design_labels,?
Images/lapel_design_labels/4cb735321f18f9463fa9082ce098dd3d.jpg,lapel_design_labels,?
Images/lapel_design_labels/798162d00cbd4380acfd641c147c42b2.jpg,lapel_design_labels,?
Images/lapel_design_labels/dfc3593b3cbeafd1ae29f6c734be4019.jpg,lapel_design_labels,?
Images/lapel_design_labels/7c1b4c7a66616aa276e438960f14ec6b.jpg,lapel_design_labels,?
Images/lapel_design_labels/3f0c76c52f4e4919f8863ec368c9d3a7.jpg,lapel_design_labels,?
Images/lapel_design_labels/0938e518b1991efbe68edc1a88b8b1bc.jpg,lapel_design_labels,?
Images/lapel_design_labels/152e2a522d4bdabead3d516a855eaf50.jpg,lapel_design_labels,?
Images/lapel_design_labels/6f469cccbfb5fcae4f8b6b1cea137cb2.jpg,lapel_design_labels,?
Images/lapel_design_labels/541ea461efc6dde0f6cdce28076eb24c.jpg,lapel_design_labels,?
Images/lapel_design_labels/f27b608eb06df7bfa0b44c73b9d222b5.jpg,lapel_design_labels,?
Images/lapel_design_labels/5fb45a2b6e860325606fd7a1bde0b131.jpg,lapel_design_labels,?
Images/lapel_design_labels/3a42390f66d99c44027249cd4c70cee6.jpg,lapel_design_labels,?
Images/lapel_design_labels/5acb927327ec41e608bd00e70ca9ae47.jpg,lapel_design_labels,?
Images/lapel_design_labels/919614fa887c932916927edc577ef9cf.jpg,lapel_design_labels,?
Images/lapel_design_labels/7444370d5d786dc08092a929bb599bbd.jpg,lapel_design_labels,?
Images/lapel_design_labels/fb5c3cceae4a267f1a6bd69a8130efad.jpg,lapel_design_labels,?
Images/lapel_design_labels/3f1853edf30aab69ed6008d0ad7b5535.jpg,lapel_design_labels,?
Images/lapel_design_labels/3334974e35a5e8a7cb7315b2cacf7682.jpg,lapel_design_labels,?
Images/lapel_design_labels/5c12d7c7a3e715ae59d527c6132cdc03.jpg,lapel_design_labels,?
Images/lapel_design_labels/b4a58c58eb9f2a0ef8e86f8cfec70e8b.jpg,lapel_design_labels,?
Images/lapel_design_labels/02e2378f83b122a208b6888f21951e64.jpg,lapel_design_labels,?
Images/lapel_design_labels/146c6dd93ae92deeb81361a5b957ef06.jpg,lapel_design_labels,?
Images/lapel_design_labels/60d49ed94aaa2a878e426c925edbc778.jpg,lapel_design_labels,?
Images/lapel_design_labels/8b7ba37fd65f6826d9d41433261f66bb.jpg,lapel_design_labels,?
Images/lapel_design_labels/2abd938226fc7621ba6db97a1ce624e7.jpg,lapel_design_labels,?
Images/lapel_design_labels/3fefd8240b988740b1f124d256a0ab9c.jpg,lapel_design_labels,?
Images/lapel_design_labels/04c4473423b5adb610b6eb078568a610.jpg,lapel_design_labels,?
Images/lapel_design_labels/a3c8f09cecb1604923114f93a33b955d.jpg,lapel_design_labels,?
Images/lapel_design_labels/a6e8ddc5164d07d10f6a4225d02092c2.jpg,lapel_design_labels,?
Images/lapel_design_labels/241c755984f7287c69ee63cda0b7e2d8.jpg,lapel_design_labels,?
Images/lapel_design_labels/8672197501e6501f453b7506d3427387.jpg,lapel_design_labels,?
Images/lapel_design_labels/4e8db8df827331fd5edd370949970333.jpg,lapel_design_labels,?
Images/lapel_design_labels/1a3882a44e3dc2c61c9e2bae133f498e.jpg,lapel_design_labels,?
Images/lapel_design_labels/0e7e585aa4636b49e8ce1c9a0bcca51f.jpg,lapel_design_labels,?
Images/lapel_design_labels/b2931c5ad137649097efd80cf90b3dd6.jpg,lapel_design_labels,?
Images/lapel_design_labels/58538b907b55dc4f8096c259b6a40feb.jpg,lapel_design_labels,?
Images/lapel_design_labels/c58ac232a1e69dd312fadf12fc7d43af.jpg,lapel_design_labels,?
Images/lapel_design_labels/f5aa1a03610224719850618e6ce80726.jpg,lapel_design_labels,?
Images/lapel_design_labels/9419f1cdef5db7b8254481fb826e38c1.jpg,lapel_design_labels,?
Images/lapel_design_labels/0824b2f4720e2234b30310dd66a206da.jpg,lapel_design_labels,?
Images/lapel_design_labels/628c23813d7b73793a93cfc4f51eb04a.jpg,lapel_design_labels,?
Images/lapel_design_labels/a720f438ac46b159c2feae4c52c00fc1.jpg,lapel_design_labels,?
Images/lapel_design_labels/4998e686836d9643aaf6e5fd9bb71ebc.jpg,lapel_design_labels,?
Images/lapel_design_labels/370a8458d3791ce6d998a17455efec3b.jpg,lapel_design_labels,?
Images/lapel_design_labels/1c267e62524cf6ad8ac4bee0a56a0e5a.jpg,lapel_design_labels,?
Images/lapel_design_labels/82d23fe9472b5ec85f7a65030eae79fd.jpg,lapel_design_labels,?
Images/lapel_design_labels/290ebcbb6cda102e77ac87212fd557c8.jpg,lapel_design_labels,?
Images/lapel_design_labels/7b6d7b97bf2c48880c8c141184a944e6.jpg,lapel_design_labels,?
Images/lapel_design_labels/d1dee4410cb973ba515c87c90ec803c4.jpg,lapel_design_labels,?
Images/lapel_design_labels/d3974d13817c0b75272fcfb52c640c92.jpg,lapel_design_labels,?
Images/lapel_design_labels/8e3c774b5bfa228f47b2131e588bdd58.jpg,lapel_design_labels,?
Images/lapel_design_labels/3b47564a372c926c9dcabb8936db1892.jpg,lapel_design_labels,?
Images/lapel_design_labels/3add0cbf022f587820bb5a22ae74f861.jpg,lapel_design_labels,?
Images/lapel_design_labels/4be795ad3b70f3c799f87dd6081e1eee.jpg,lapel_design_labels,?
Images/lapel_design_labels/01923583fd0ae5d7ed08ba7cfda8ce91.jpg,lapel_design_labels,?
Images/lapel_design_labels/9ffe186e83bcdd97e06f63d4399282f8.jpg,lapel_design_labels,?
Images/lapel_design_labels/61a3526097b5118516ec87a89f34c43a.jpg,lapel_design_labels,?
Images/lapel_design_labels/bad51bbc5d8f2f9c41a4953081adda59.jpg,lapel_design_labels,?
Images/lapel_design_labels/c14c199b9f4ac52fb6b10ad6d108c319.jpg,lapel_design_labels,?
Images/lapel_design_labels/62ffa14f9a5b197f98a553ec9786aac6.jpg,lapel_design_labels,?
Images/lapel_design_labels/a2ef0d1603956ae684721006c2154e11.jpg,lapel_design_labels,?
Images/lapel_design_labels/08a43b72c1bfb0c8793a84edaae19a3f.jpg,lapel_design_labels,?
Images/lapel_design_labels/b5074c1b96f2402bab1c97631ee7bb3a.jpg,lapel_design_labels,?
Images/lapel_design_labels/69b0862e9c3e9bf1abda7b976b95339a.jpg,lapel_design_labels,?
Images/lapel_design_labels/25029532ac3ec7dc4c3a92bf06986480.jpg,lapel_design_labels,?
Images/lapel_design_labels/fd901fc393b890fb7a6efd66b0eebf9b.jpg,lapel_design_labels,?
Images/lapel_design_labels/467a38230b08363b7e756f00f7725f24.jpg,lapel_design_labels,?
Images/lapel_design_labels/1ff55fb961cb9b58233d82267992f82b.jpg,lapel_design_labels,?
Images/lapel_design_labels/28051f2ac054745d26a9376dd5cfc2d4.jpg,lapel_design_labels,?
Images/lapel_design_labels/80c21fcfc3d24bc6b52a10820121b418.jpg,lapel_design_labels,?
Images/lapel_design_labels/2f0bac5d1065371a3ba0476c7ee7de17.jpg,lapel_design_labels,?
Images/lapel_design_labels/bd2c008cdc53bd121cc645c2029a2379.jpg,lapel_design_labels,?
Images/lapel_design_labels/7a45340789c5d845482a0c3e75706ab5.jpg,lapel_design_labels,?
Images/lapel_design_labels/7b3516659d1556e176924f39d4c71e5e.jpg,lapel_design_labels,?
Images/lapel_design_labels/5ac76437f2c2860c85d53b7c0fbe8a7e.jpg,lapel_design_labels,?
Images/lapel_design_labels/d6c1cb5ae1c2314135507ea1af5f26cb.jpg,lapel_design_labels,?
Images/lapel_design_labels/fdc566062177fdd3453c9d2de2dd004f.jpg,lapel_design_labels,?
Images/lapel_design_labels/87399f26af0e2103cd52ee21fc087269.jpg,lapel_design_labels,?
Images/lapel_design_labels/729cc45ad6747d87ca07fb07dde3a2f2.jpg,lapel_design_labels,?
Images/lapel_design_labels/fb0bbf2ffbd804d45cfb146c88e79754.jpg,lapel_design_labels,?
Images/lapel_design_labels/cc5b05ed12a97931e90d9e1673643aad.jpg,lapel_design_labels,?
Images/lapel_design_labels/d88b3c918be15c5199ca33efacb2f470.jpg,lapel_design_labels,?
Images/lapel_design_labels/14efce8d979487bc635e7ea84e010be8.jpg,lapel_design_labels,?
Images/lapel_design_labels/7b467102abc9075b8f27c069b6997248.jpg,lapel_design_labels,?
Images/lapel_design_labels/5202d945722cc20ef7ed7c3983026808.jpg,lapel_design_labels,?
Images/lapel_design_labels/980179d33ad387a91d6a5537a584b706.jpg,lapel_design_labels,?
Images/lapel_design_labels/97fc0ae94fd62b64fc93822600f0a1af.jpg,lapel_design_labels,?
Images/lapel_design_labels/a3885d86c49f47bdeb042a80fb5c7621.jpg,lapel_design_labels,?
Images/lapel_design_labels/82a54095dae426542eb7e40588cc276c.jpg,lapel_design_labels,?
Images/lapel_design_labels/99d5d57617cb4d2406ae7aaee3d17a60.jpg,lapel_design_labels,?
Images/lapel_design_labels/49506a81c02a08e80d79f4a556971dd9.jpg,lapel_design_labels,?
Images/lapel_design_labels/25ddea4733a5b49d320c04e16b1606fa.jpg,lapel_design_labels,?
Images/lapel_design_labels/3f2550951e705bfe8b7a50623730d1c6.jpg,lapel_design_labels,?
Images/lapel_design_labels/43fef8a667c5d00a27ae3bfb8d412487.jpg,lapel_design_labels,?
Images/lapel_design_labels/00dbdbb2c840eb9fce4ee1952056459c.jpg,lapel_design_labels,?
Images/lapel_design_labels/d33112ecbcbcde85ae2e4462c1822844.jpg,lapel_design_labels,?
Images/lapel_design_labels/780a134318fd91cca5c6c161b8f91df9.jpg,lapel_design_labels,?
Images/lapel_design_labels/a70c2c368896c93c28b9435958aeb6a6.jpg,lapel_design_labels,?
Images/lapel_design_labels/6fa8eadca390e5c6d21e0d6fae571d80.jpg,lapel_design_labels,?
Images/lapel_design_labels/694c7430a68676efdd9156a12411d165.jpg,lapel_design_labels,?
Images/lapel_design_labels/c3fdd5209798b49be8e8a93ca16f7735.jpg,lapel_design_labels,?
Images/lapel_design_labels/101a3d235236be6158e93181cd226638.jpg,lapel_design_labels,?
Images/lapel_design_labels/d92e8d7a57459b8f584c57c0c4a08333.jpg,lapel_design_labels,?
Images/lapel_design_labels/5122c15714acf3b7544bfb8c8d85fb67.jpg,lapel_design_labels,?
Images/lapel_design_labels/18fc7a4a0a20f514ab0c1eff3c01a6c1.jpg,lapel_design_labels,?
Images/lapel_design_labels/6b1dc240fbccba10bcf8e84643535b72.jpg,lapel_design_labels,?
Images/lapel_design_labels/6d29017f836721023d249e622f243b04.jpg,lapel_design_labels,?
Images/lapel_design_labels/f225436be43a7a5b42eb0813e575281b.jpg,lapel_design_labels,?
Images/lapel_design_labels/6e6176eb6769e0738885c3768d2d9209.jpg,lapel_design_labels,?
Images/lapel_design_labels/585d32c45ef8e28b1b9ccd752eafedd4.jpg,lapel_design_labels,?
Images/lapel_design_labels/5bd200e52d40b3c64fa25cda050d6fac.jpg,lapel_design_labels,?
Images/lapel_design_labels/0b905c2a948f46c72f772040c974671a.jpg,lapel_design_labels,?
Images/lapel_design_labels/0c1ea4f6a45007fe7096456d0c1d21b1.jpg,lapel_design_labels,?
Images/lapel_design_labels/21d6afe7915c3408b18a8bc1da59e9d0.jpg,lapel_design_labels,?
Images/lapel_design_labels/80d3aeec1690d353bb2ea95200641fd4.jpg,lapel_design_labels,?
Images/lapel_design_labels/13ef2ca8b831489719c3ea5cca36d33d.jpg,lapel_design_labels,?
Images/lapel_design_labels/2efa8d0ff5fcc7e83aaadba1e5ccca3b.jpg,lapel_design_labels,?
Images/lapel_design_labels/507ad0d3992fd2266c6e0a5c5f799dde.jpg,lapel_design_labels,?
Images/lapel_design_labels/a2fdaa98c8beec38dca3e3690437673c.jpg,lapel_design_labels,?
Images/lapel_design_labels/e3d18fa116d40a8c5313b1b608a208bd.jpg,lapel_design_labels,?
Images/lapel_design_labels/552532e7880fde58837066ebba22a830.jpg,lapel_design_labels,?
Images/lapel_design_labels/8fe098b82be83c64dff79064a0830ea0.jpg,lapel_design_labels,?
Images/lapel_design_labels/85f5661e4a0a98cfd7de1813ef8b279f.jpg,lapel_design_labels,?
Images/lapel_design_labels/bbfb51459fc3f21ea676a3be955c7b8b.jpg,lapel_design_labels,?
Images/lapel_design_labels/2c3fe46aeef9e26879115cf078899a4b.jpg,lapel_design_labels,?
Images/lapel_design_labels/d60a1c32946e3dc30dea38ee2a23ce9e.jpg,lapel_design_labels,?
Images/lapel_design_labels/dd6211fcc722ba81829d4a9caa0ac691.jpg,lapel_design_labels,?
Images/lapel_design_labels/b41ea6b3dd57d8bcb5990e05bc24b2b3.jpg,lapel_design_labels,?
Images/lapel_design_labels/771af1b9399e51d4a6c55e170a9610d7.jpg,lapel_design_labels,?
Images/lapel_design_labels/aee599bee32e7e0d4439d83d9bc55990.jpg,lapel_design_labels,?
Images/lapel_design_labels/b024c31db9f0885c5cb53f3af3d8674b.jpg,lapel_design_labels,?
Images/lapel_design_labels/5807280bee7409f1e86aa8e7386ee420.jpg,lapel_design_labels,?
Images/lapel_design_labels/eee580583462ea3744ab11b935f2434a.jpg,lapel_design_labels,?
Images/lapel_design_labels/63bca0a5387df91063beface95b09021.jpg,lapel_design_labels,?
Images/lapel_design_labels/cb4e9427e31afaa4993d23816acff344.jpg,lapel_design_labels,?
Images/lapel_design_labels/66dafac19d52f15bfeaed1453829dde0.jpg,lapel_design_labels,?
Images/lapel_design_labels/08baed8f27bb2f8d2987590d02d09b59.jpg,lapel_design_labels,?
Images/lapel_design_labels/e158b72ac110b67e17c615910032b3cd.jpg,lapel_design_labels,?
Images/lapel_design_labels/c82f41b90dbc1e9a136503b0975ccf9b.jpg,lapel_design_labels,?
Images/lapel_design_labels/e68002754b1542c29672c03df370b5cf.jpg,lapel_design_labels,?
Images/lapel_design_labels/06a9b44a0ed33a16f7d77d33bff57b41.jpg,lapel_design_labels,?
Images/lapel_design_labels/b1b9f296d02571386709b3172add87ae.jpg,lapel_design_labels,?
Images/lapel_design_labels/2838e232bdd56c7ed260cc3a56af93c5.jpg,lapel_design_labels,?
Images/lapel_design_labels/5b8fe332c1d8b59fdcb8c21a2d486bfa.jpg,lapel_design_labels,?
Images/lapel_design_labels/70fe65a8cee436ca8691bc4986fac086.jpg,lapel_design_labels,?
Images/lapel_design_labels/a51b87004a5798a797af90085e7cbe64.jpg,lapel_design_labels,?
Images/lapel_design_labels/ac43f68a439df48119f937832d5752cc.jpg,lapel_design_labels,?
Images/lapel_design_labels/f684719df734e1274911c0525f1fadf5.jpg,lapel_design_labels,?
Images/lapel_design_labels/924547507f5c4cc8a44ec8c3359b16b2.jpg,lapel_design_labels,?
Images/lapel_design_labels/ee87420d1eeb47a1517275ba42da45ea.jpg,lapel_design_labels,?
Images/lapel_design_labels/3e3de6a2e4739d2bdcece65188de4fdc.jpg,lapel_design_labels,?
Images/lapel_design_labels/7c9d1f8c06f42e3ad103c378bb9e89a5.jpg,lapel_design_labels,?
Images/lapel_design_labels/f0e45e4eac2446a1cb66af7292029a22.jpg,lapel_design_labels,?
Images/lapel_design_labels/15eea76943f116caec868a263561d680.jpg,lapel_design_labels,?
Images/lapel_design_labels/5ecba87e5c21b846d7d4273feeede718.jpg,lapel_design_labels,?
Images/lapel_design_labels/7b15d9b46091fd7b6e5ff692e012a5af.jpg,lapel_design_labels,?
Images/lapel_design_labels/a58e8bf161760d57b63bd307898b1047.jpg,lapel_design_labels,?
Images/lapel_design_labels/6c3033e9b992af0d879618c347eab1c7.jpg,lapel_design_labels,?
Images/lapel_design_labels/8a460fc5925d2d5cf01f5d2f2f87e780.jpg,lapel_design_labels,?
Images/lapel_design_labels/1cd854ab7075f88adfcfa06168ed66e8.jpg,lapel_design_labels,?
Images/lapel_design_labels/66cb055329b93ea53005ecefcaa2d7a8.jpg,lapel_design_labels,?
Images/lapel_design_labels/70b74f41a8863fe51d72411ddf8cb5f9.jpg,lapel_design_labels,?
Images/lapel_design_labels/4c678ae7205f09f4d38be979e25755c9.jpg,lapel_design_labels,?
Images/lapel_design_labels/e6c40fca73b4946ddc5d4905d2dd266e.jpg,lapel_design_labels,?
Images/lapel_design_labels/e79f1e82ff29559722af8bdfa00cae43.jpg,lapel_design_labels,?
Images/lapel_design_labels/15949c6ffce18bbbdef59c981fd3b61a.jpg,lapel_design_labels,?
Images/lapel_design_labels/c02a0b52dd8e4bc3a831d58a0b423048.jpg,lapel_design_labels,?
Images/lapel_design_labels/0f4695fd2d2c5e8afc48e5ff1d61261b.jpg,lapel_design_labels,?
Images/lapel_design_labels/1af66a7faf211edd737a41c691687b89.jpg,lapel_design_labels,?
Images/lapel_design_labels/c88ba8902345653d392810a0bb3f83ea.jpg,lapel_design_labels,?
Images/lapel_design_labels/4291be090434c7fbbfb4fa5526e7c7e7.jpg,lapel_design_labels,?
Images/lapel_design_labels/2213180f33b4288dc08bf8747c266c89.jpg,lapel_design_labels,?
Images/lapel_design_labels/8516c6b25df4755d1fd500194b7efac7.jpg,lapel_design_labels,?
Images/lapel_design_labels/de72235e3474efc4e562b340a4cd6362.jpg,lapel_design_labels,?
Images/lapel_design_labels/b39c889453b4617d322bee94a6caa8dd.jpg,lapel_design_labels,?
Images/lapel_design_labels/1b28ccfa7ff91a5f22175fd5eaeabbee.jpg,lapel_design_labels,?
Images/lapel_design_labels/ad2c92e52cef0e73e6ca2ceac6855aa7.jpg,lapel_design_labels,?
Images/lapel_design_labels/eb3bb236eaef3e89bc184596942634e1.jpg,lapel_design_labels,?
Images/lapel_design_labels/22439da5ec26f5d14b4e2a83d91be6df.jpg,lapel_design_labels,?
Images/lapel_design_labels/eaa1007b80b37efde670c2b5ea24c45f.jpg,lapel_design_labels,?
Images/lapel_design_labels/5dd7d0ec998e29e65ead254efeaa9283.jpg,lapel_design_labels,?
Images/lapel_design_labels/cac67a88140c369acac4f692ef80e38f.jpg,lapel_design_labels,?
Images/lapel_design_labels/474193065db47f0e4d6b3096b4dd4a88.jpg,lapel_design_labels,?
Images/lapel_design_labels/bb23113937905b29d2257a876b694364.jpg,lapel_design_labels,?
Images/lapel_design_labels/fc5a26249f78f63ae8c532f0d7d769f9.jpg,lapel_design_labels,?
Images/lapel_design_labels/bffd3c384253edb43b54898c6171fce8.jpg,lapel_design_labels,?
Images/lapel_design_labels/b1e1523fa3d3bb0122af41f80224d5c9.jpg,lapel_design_labels,?
Images/lapel_design_labels/c9c40f13e04030060693fb6b5be5f190.jpg,lapel_design_labels,?
Images/lapel_design_labels/950901a2a9fe4dcef73102d7763dae11.jpg,lapel_design_labels,?
Images/lapel_design_labels/7283cf69dde603c7eacbbbe99d891110.jpg,lapel_design_labels,?
Images/lapel_design_labels/447862e4a15e18417477e729c9ebf0ae.jpg,lapel_design_labels,?
Images/lapel_design_labels/d148e7450d388c176be5fa52c9ebab99.jpg,lapel_design_labels,?
Images/lapel_design_labels/c4fac29779645e4802ce7c29dcfcb220.jpg,lapel_design_labels,?
Images/lapel_design_labels/1670218f9fdfbc6a1c17d12e7e4a3a8c.jpg,lapel_design_labels,?
Images/lapel_design_labels/7bbcce014afd4b41fe513a49ec1de6b4.jpg,lapel_design_labels,?
Images/lapel_design_labels/9af0011cbc71b3ff97839c3f5768e24c.jpg,lapel_design_labels,?
Images/lapel_design_labels/52c76c2a7846ce72cec8c3c3f85852cc.jpg,lapel_design_labels,?
Images/lapel_design_labels/63eb87fbb81b4f09bb43c96757340b99.jpg,lapel_design_labels,?
Images/lapel_design_labels/342ec0d0f4343c60b46b0b97bcfe7a7a.jpg,lapel_design_labels,?
Images/lapel_design_labels/af4b534f2828e27af64a88dc40726d8d.jpg,lapel_design_labels,?
Images/lapel_design_labels/fc0d155b5ac5b616b99601063d881c42.jpg,lapel_design_labels,?
Images/lapel_design_labels/fde6adbcf875e05b80ba93bf80425850.jpg,lapel_design_labels,?
Images/lapel_design_labels/58bfe3cbe481a8b16f4e7f89721cc476.jpg,lapel_design_labels,?
Images/lapel_design_labels/bf57084b5417b12bbd619154bc3532c9.jpg,lapel_design_labels,?
Images/lapel_design_labels/2ef952d75c25727a1c389fd629eb5291.jpg,lapel_design_labels,?
Images/lapel_design_labels/a53f18398a93073e37070d5a8ca6084f.jpg,lapel_design_labels,?
Images/lapel_design_labels/8a715d18c8b7fbcc3197420bcf46b64c.jpg,lapel_design_labels,?
Images/lapel_design_labels/b8e2522edc6e01282e9b20026b1ad231.jpg,lapel_design_labels,?
Images/lapel_design_labels/9d4a90a40aaa596f1e60e5b8520b88b0.jpg,lapel_design_labels,?
Images/lapel_design_labels/c9f2fef4e4db2d53020823dcf35203d5.jpg,lapel_design_labels,?
Images/lapel_design_labels/f51b9b992a2860586622c413b51741fd.jpg,lapel_design_labels,?
Images/lapel_design_labels/b3ca2aa7b2ed9a6762af0c49340a0428.jpg,lapel_design_labels,?
Images/lapel_design_labels/c7f328dd191a06bbeb88a407f15b2067.jpg,lapel_design_labels,?
Images/lapel_design_labels/b3b543726b13406f8d9f49b78dcf2864.jpg,lapel_design_labels,?
Images/lapel_design_labels/0bb9ddb9a099064605e7f77ef9859717.jpg,lapel_design_labels,?
Images/lapel_design_labels/912a8113c16cabf23d2643bcd4ad82cf.jpg,lapel_design_labels,?
Images/lapel_design_labels/4b9916d2471dc8dbdd4c442a7ab20b2d.jpg,lapel_design_labels,?
Images/lapel_design_labels/7f46e00c3ef5d15aec15c958c54afede.jpg,lapel_design_labels,?
Images/lapel_design_labels/8e6dcd5e3e75c591ee198d61afa3f4d3.jpg,lapel_design_labels,?
Images/lapel_design_labels/508a52614ea3f458e65a21f8923bffd9.jpg,lapel_design_labels,?
Images/lapel_design_labels/5b99892334af87ef03b3d43297fa57e9.jpg,lapel_design_labels,?
Images/lapel_design_labels/afb3412729bb13b04197d0e7ad8b05c8.jpg,lapel_design_labels,?
Images/lapel_design_labels/fd1a51b4021252e394903de8f8853b54.jpg,lapel_design_labels,?
Images/lapel_design_labels/c63ce59b22409211bd82c85e55b6e00b.jpg,lapel_design_labels,?
Images/lapel_design_labels/28c82fa51c5d005b7fc22e5e6d8eb59e.jpg,lapel_design_labels,?
Images/lapel_design_labels/7023641b9fba20b21eac331ac34643dc.jpg,lapel_design_labels,?
Images/lapel_design_labels/bf64f584ca985c5db0d0d8979b587792.jpg,lapel_design_labels,?
Images/lapel_design_labels/53b1dcbdcb5a859e5fc0e13864381fbb.jpg,lapel_design_labels,?
Images/lapel_design_labels/2f96945eb0fcd074a1593b9dcd781382.jpg,lapel_design_labels,?
Images/lapel_design_labels/53b19bbe28d45ce7772ea03c33f938cc.jpg,lapel_design_labels,?
Images/lapel_design_labels/ddc4a69a0545e07c97adfd40f652f911.jpg,lapel_design_labels,?
Images/lapel_design_labels/dd125901f6be80bc2ca5bc3ec6218996.jpg,lapel_design_labels,?
Images/lapel_design_labels/5096744484b033c064307d9a07b1921e.jpg,lapel_design_labels,?
Images/lapel_design_labels/096e1523ced14a27b1eb342b720ef926.jpg,lapel_design_labels,?
Images/lapel_design_labels/417b14fb7d6df60686148f3e305aa1da.jpg,lapel_design_labels,?
Images/lapel_design_labels/c858be63675682bbfaea5386ffa3045e.jpg,lapel_design_labels,?
Images/lapel_design_labels/df29b931d0356cc768cfc4d8127b1e28.jpg,lapel_design_labels,?
Images/lapel_design_labels/04bf6b1b748f52d0678952cf03c96064.jpg,lapel_design_labels,?
Images/lapel_design_labels/7b16d3a853cf9fdf64abca4bebc0cc7d.jpg,lapel_design_labels,?
Images/lapel_design_labels/7c6022d8abbace440f6d5991fc41ae01.jpg,lapel_design_labels,?
Images/lapel_design_labels/b2efdc1057e774f973fef866e75e155c.jpg,lapel_design_labels,?
Images/lapel_design_labels/0cadbbeeaef71e19ce70ef47d07ee29a.jpg,lapel_design_labels,?
Images/lapel_design_labels/fa2673eb9370462f74a55817f6ee6831.jpg,lapel_design_labels,?
Images/lapel_design_labels/dfbd5b2e30eb6c21fac105298277124e.jpg,lapel_design_labels,?
Images/lapel_design_labels/2c72aa9f7eed5e642ad0ff9d4dea068b.jpg,lapel_design_labels,?
Images/lapel_design_labels/af0bee0bac33b2160a84631d8b9b384f.jpg,lapel_design_labels,?
Images/lapel_design_labels/e98d71a08f998cbdc5d60f00f69662b2.jpg,lapel_design_labels,?
Images/lapel_design_labels/d6f34175090b9e0546f54984cb8ad9a0.jpg,lapel_design_labels,?
Images/lapel_design_labels/cb3e49e7331f3db98135b0ac6e9b0728.jpg,lapel_design_labels,?
Images/lapel_design_labels/6eb6437b230c581a7743102c09b89858.jpg,lapel_design_labels,?
Images/lapel_design_labels/d6af46672c80c64626f2a150888edabb.jpg,lapel_design_labels,?
Images/lapel_design_labels/36a43eabd4b481b9fb07346d472d7041.jpg,lapel_design_labels,?
Images/lapel_design_labels/a43dd3a74f75a648959106c2ea1f5f73.jpg,lapel_design_labels,?
Images/lapel_design_labels/0cd05ea8422279663d6303720c0012af.jpg,lapel_design_labels,?
Images/lapel_design_labels/2bdbd99e6f98051fae2d97f8d4c08831.jpg,lapel_design_labels,?
Images/lapel_design_labels/05612a98ec89a646c7aa8faa8832b399.jpg,lapel_design_labels,?
Images/lapel_design_labels/a7d68ac7315750a219f490c22a3c5e11.jpg,lapel_design_labels,?
Images/lapel_design_labels/e7790cc53507ce3804e64f6aa66746a5.jpg,lapel_design_labels,?
Images/lapel_design_labels/ea32078a51f7a008e6798ab546277ca9.jpg,lapel_design_labels,?
Images/lapel_design_labels/9acf73146f9a1918849cef668e3cb486.jpg,lapel_design_labels,?
Images/lapel_design_labels/2ae8e88e0216cf676c6f48bf529ed041.jpg,lapel_design_labels,?
Images/lapel_design_labels/75d422e39fe1313f69f56e758c6bce06.jpg,lapel_design_labels,?
Images/lapel_design_labels/4e508ad5602061ea0c1fbbe3edc1db66.jpg,lapel_design_labels,?
Images/lapel_design_labels/3f23939383341e4c494ca6c81636663a.jpg,lapel_design_labels,?
Images/lapel_design_labels/fb1e07688f07cac49060f11f99ec1416.jpg,lapel_design_labels,?
Images/lapel_design_labels/dd9539258f69fb9c06efd96e3e27c30f.jpg,lapel_design_labels,?
Images/lapel_design_labels/53ca3c40e73772c244288fd15aae7698.jpg,lapel_design_labels,?
Images/lapel_design_labels/6d171953e3833c03a3cabf3df9ce7b17.jpg,lapel_design_labels,?
Images/lapel_design_labels/b603e764da672f65d7debe057ac61191.jpg,lapel_design_labels,?
Images/lapel_design_labels/b94fdd004958972f4136a633a715a238.jpg,lapel_design_labels,?
Images/lapel_design_labels/24ccb88727c90508a3a169fba47761ac.jpg,lapel_design_labels,?
Images/lapel_design_labels/a90025c45b0e57ef617ff9db24a36c79.jpg,lapel_design_labels,?
Images/lapel_design_labels/a2fa2ede8ec4a7884dc6f7082930fcee.jpg,lapel_design_labels,?
Images/lapel_design_labels/4c9253caf10b5e1eea8b16127f179ef4.jpg,lapel_design_labels,?
Images/lapel_design_labels/1f3b8e4654a339fc4d60877a8327cb0c.jpg,lapel_design_labels,?
Images/lapel_design_labels/4dcf2f29752162490cc30cea6530cf15.jpg,lapel_design_labels,?
Images/lapel_design_labels/8b0015c84444c132a72402609779f6f7.jpg,lapel_design_labels,?
Images/lapel_design_labels/6fa129dfdbed8eb6885a258c1d55fc59.jpg,lapel_design_labels,?
Images/lapel_design_labels/030150f17734974e70ca0fad207c2ae1.jpg,lapel_design_labels,?
Images/lapel_design_labels/b8b950d23c204fe88a6882c0dc01be43.jpg,lapel_design_labels,?
Images/lapel_design_labels/3f3d3618461c634df1510378d3e85a00.jpg,lapel_design_labels,?
Images/lapel_design_labels/3a710a6e8c82ed4315ece7b7ad86a9e2.jpg,lapel_design_labels,?
Images/lapel_design_labels/db80b70533e00fed3040ad42a283a34b.jpg,lapel_design_labels,?
Images/lapel_design_labels/5b4be9fb4e6c68ba69009bf46a946efa.jpg,lapel_design_labels,?
Images/lapel_design_labels/57edaceb0483039bd13e961a94a2a73b.jpg,lapel_design_labels,?
Images/lapel_design_labels/d37b8ffc6beec0116594d0b4442f9015.jpg,lapel_design_labels,?
Images/lapel_design_labels/70fad420c5de3db76d27bb58c9cd3dfb.jpg,lapel_design_labels,?
Images/lapel_design_labels/7064485b943d7616da40756959634107.jpg,lapel_design_labels,?
Images/lapel_design_labels/6df7aaa2631c49b7f86abcc56c5c3ab9.jpg,lapel_design_labels,?
Images/lapel_design_labels/1f4c11be03e5c71efd6df32e1badd5c8.jpg,lapel_design_labels,?
Images/lapel_design_labels/23cee8b01671cd85b4cc44ad50648e7e.jpg,lapel_design_labels,?
Images/lapel_design_labels/4dda47e854a7070935dda1898e018d24.jpg,lapel_design_labels,?
Images/lapel_design_labels/ec39593f34d09a87bb9e35270b8fe0f2.jpg,lapel_design_labels,?
Images/lapel_design_labels/d1e9cdd8240d09f316386b64b7b5e45e.jpg,lapel_design_labels,?
Images/lapel_design_labels/b590f4374f2c67948e189120271864f0.jpg,lapel_design_labels,?
Images/lapel_design_labels/3435859282d3f5e59571b9935c1fabde.jpg,lapel_design_labels,?
Images/lapel_design_labels/bafc44aa1e8acf9028af6a248dcea67c.jpg,lapel_design_labels,?
Images/lapel_design_labels/6dadf1194c670e1eb2ce4921432d7035.jpg,lapel_design_labels,?
Images/lapel_design_labels/a76e3bd673be8c4251b4575b9931ef96.jpg,lapel_design_labels,?
Images/lapel_design_labels/549959d0f5701361a139682a316d9558.jpg,lapel_design_labels,?
Images/lapel_design_labels/719d2f95481074065bfa5f3cdc2d5842.jpg,lapel_design_labels,?
Images/lapel_design_labels/1b12ef15d2f5c3c40b160ab0c2175060.jpg,lapel_design_labels,?
Images/lapel_design_labels/9983b6cae63f837c751aa6e1ca9d4f80.jpg,lapel_design_labels,?
Images/lapel_design_labels/cb5a763db448495b8875951af38bee8c.jpg,lapel_design_labels,?
Images/lapel_design_labels/e94b18e5fc8be604f9c099e897356771.jpg,lapel_design_labels,?
Images/lapel_design_labels/6c1e925adc5e6697dfd8f20ba2f5735c.jpg,lapel_design_labels,?
Images/lapel_design_labels/1f87645bf8b7771d3e9c5a9f0d371df4.jpg,lapel_design_labels,?
Images/lapel_design_labels/44fd6b0f2aa3c9f7ccf151805da48495.jpg,lapel_design_labels,?
Images/lapel_design_labels/7dfc57707669bc99419f051b24be9c63.jpg,lapel_design_labels,?
Images/lapel_design_labels/da13e72f854413a0ac6b5943dedf3b88.jpg,lapel_design_labels,?
Images/lapel_design_labels/4d13e712412db9e6f1bafc90801be36a.jpg,lapel_design_labels,?
Images/lapel_design_labels/a45411760320f9044914bd51df421e15.jpg,lapel_design_labels,?
Images/lapel_design_labels/43f10d88e211af26e3ada6a0910e2a1c.jpg,lapel_design_labels,?
Images/lapel_design_labels/fe0c789fe2db985994779db3fe01e13b.jpg,lapel_design_labels,?
Images/lapel_design_labels/61546e9bfc0d90a86cbe59bc23fdbcb5.jpg,lapel_design_labels,?
Images/lapel_design_labels/b49260550e3f044fda0705ef7b2ae108.jpg,lapel_design_labels,?
Images/lapel_design_labels/5a417a360b89c82ea2ccf1b7054854a9.jpg,lapel_design_labels,?
Images/lapel_design_labels/36a13060d73df1f489f622f91102b4ab.jpg,lapel_design_labels,?
Images/lapel_design_labels/e2f50674ca40f5a3d51f8e178bd661d1.jpg,lapel_design_labels,?
Images/lapel_design_labels/0ae2b7b4c71c30bb63a701c2912353c1.jpg,lapel_design_labels,?
Images/lapel_design_labels/5595d9904ef845851284ec95a00e1a90.jpg,lapel_design_labels,?
Images/lapel_design_labels/fea949a5c663f78e06e9fe800a69e29e.jpg,lapel_design_labels,?
Images/lapel_design_labels/c1cbd7a8d46dae6390ca95a8880febcb.jpg,lapel_design_labels,?
Images/lapel_design_labels/7d6be6d39e978b5a33b5f7874bc6ab78.jpg,lapel_design_labels,?
Images/lapel_design_labels/1c0079318399f3c52328f3aed88e3201.jpg,lapel_design_labels,?
Images/lapel_design_labels/d1927afc34a3b9898c375170da8a2f39.jpg,lapel_design_labels,?
Images/lapel_design_labels/e3da14301edaa79597ec6670982cd670.jpg,lapel_design_labels,?
Images/lapel_design_labels/c5dc0f4d4a2cfc3a7ede1aae64f29c11.jpg,lapel_design_labels,?
Images/lapel_design_labels/b63241894e8d1000ca7f8458a1b89a81.jpg,lapel_design_labels,?
Images/lapel_design_labels/de3871f00489ee6706193cae56ea3267.jpg,lapel_design_labels,?
Images/lapel_design_labels/a91aa15d1a67558923b55604fe9cca5c.jpg,lapel_design_labels,?
Images/lapel_design_labels/b0c041655185188d50440f2846fa020c.jpg,lapel_design_labels,?
Images/lapel_design_labels/66755225619168f5b9922fc33fa6efef.jpg,lapel_design_labels,?
Images/lapel_design_labels/6ec68e50ca72984079a2786fa91afced.jpg,lapel_design_labels,?
Images/lapel_design_labels/8adc0f76c19bc0485e2871a19cdcfa25.jpg,lapel_design_labels,?
Images/lapel_design_labels/d7959a328689dff3df492e0700378098.jpg,lapel_design_labels,?
Images/lapel_design_labels/0c3a799cf46faffb7d2437db014ffad2.jpg,lapel_design_labels,?
Images/lapel_design_labels/3813da6188a1c94f89cc1420eb662fe6.jpg,lapel_design_labels,?
Images/lapel_design_labels/b330e19d80969d081eb1df4ca3a0bdb8.jpg,lapel_design_labels,?
Images/lapel_design_labels/8fd1bfd9d220835ae3a6d77345e4db2e.jpg,lapel_design_labels,?
Images/lapel_design_labels/958a8283d1df8a108acb87d691468309.jpg,lapel_design_labels,?
Images/lapel_design_labels/ff32897fde73040954ba2c1d5529ae58.jpg,lapel_design_labels,?
Images/lapel_design_labels/33bdc68d3ef4170489a1864d8bfff66e.jpg,lapel_design_labels,?
Images/lapel_design_labels/a6dfeb101bbd620b23317d281dd7ff30.jpg,lapel_design_labels,?
Images/lapel_design_labels/68f5a09ad039ed1e72b2255428b90ced.jpg,lapel_design_labels,?
Images/lapel_design_labels/bdeb6a0202ee84e1fcec6b9a52a1ddf2.jpg,lapel_design_labels,?
Images/lapel_design_labels/8ccb91871a645a8770ae8d5b20fd1656.jpg,lapel_design_labels,?
Images/lapel_design_labels/35872679eb949a2cfabdd80afe03bc58.jpg,lapel_design_labels,?
Images/lapel_design_labels/d61182282ae9dd815b44c95c99881e8e.jpg,lapel_design_labels,?
Images/lapel_design_labels/330d715ec986fee996bddcb68bf8e061.jpg,lapel_design_labels,?
Images/lapel_design_labels/a3358fcbbc5baa758622dfe2aad05adc.jpg,lapel_design_labels,?
Images/lapel_design_labels/cd19edd89104512ad2a60231e21a8c4a.jpg,lapel_design_labels,?
Images/lapel_design_labels/b139a0f2ab2cf304ab1eeeaa7e17a6b7.jpg,lapel_design_labels,?
Images/lapel_design_labels/b313d545350b54832205bccd3c9231a7.jpg,lapel_design_labels,?
Images/lapel_design_labels/8634ef7afbf434afeb0146affe531b62.jpg,lapel_design_labels,?
Images/lapel_design_labels/9d7502557505724c395493ba92a0eea2.jpg,lapel_design_labels,?
Images/lapel_design_labels/dbca84cf7c3f0d73aa12cfe91b972136.jpg,lapel_design_labels,?
Images/lapel_design_labels/12b2f0f470677f011f90820335278ab9.jpg,lapel_design_labels,?
Images/lapel_design_labels/f5b7c0ec72c02dd86c10a6d910514032.jpg,lapel_design_labels,?
Images/lapel_design_labels/48f2303a8aee2510b88f76e890e39754.jpg,lapel_design_labels,?
Images/lapel_design_labels/9aa263862ca9ebe3d3ab707467c6a3a5.jpg,lapel_design_labels,?
Images/lapel_design_labels/175e5dc50ac2c07bce45b7c32a14f5f2.jpg,lapel_design_labels,?
Images/lapel_design_labels/f46a2906e77f3de0e770cc2446e00ced.jpg,lapel_design_labels,?
Images/lapel_design_labels/422063e438b6be519e8a8ae5d6fffcc9.jpg,lapel_design_labels,?
Images/lapel_design_labels/bcb8e114f416cb09ce3f26be7e1908a0.jpg,lapel_design_labels,?
Images/lapel_design_labels/647c29b3930281e199940482599c065a.jpg,lapel_design_labels,?
Images/lapel_design_labels/c9c5c91bdfeaa90471695889c275f8d2.jpg,lapel_design_labels,?
Images/lapel_design_labels/f1068958d6dc018378ff7c23f86b3705.jpg,lapel_design_labels,?
Images/lapel_design_labels/8506ed70c01d71fe0c69929da8ab4868.jpg,lapel_design_labels,?
Images/lapel_design_labels/6c0defae432ab624dd02b92f93957f4e.jpg,lapel_design_labels,?
Images/lapel_design_labels/b8ce943aa0f81b84bad261ae473b6e98.jpg,lapel_design_labels,?
Images/lapel_design_labels/d12a1760061eb80d8b25190f18fa83d7.jpg,lapel_design_labels,?
Images/lapel_design_labels/7df22cb76957ec28a52706eb0d2c4602.jpg,lapel_design_labels,?
Images/lapel_design_labels/09825ac900fa8f6cb4d0ad4e6ff81eb8.jpg,lapel_design_labels,?
Images/lapel_design_labels/6df74426375f9eabc711d8d98ad152b9.jpg,lapel_design_labels,?
Images/lapel_design_labels/55ef1487df4b7bc2f9c4ed4fde694470.jpg,lapel_design_labels,?
Images/lapel_design_labels/f1dbed23681d8b7ef2cd0521cdf10b18.jpg,lapel_design_labels,?
Images/lapel_design_labels/01dbfcc5af34202327f52f3d4a9dd501.jpg,lapel_design_labels,?
Images/lapel_design_labels/fc48795835b66e9bd256b2bfa3014d68.jpg,lapel_design_labels,?
Images/lapel_design_labels/d534cecbfc37d9d05203f17fe7448fb7.jpg,lapel_design_labels,?
Images/lapel_design_labels/3bbb7c00bef64e138bed75d796be1909.jpg,lapel_design_labels,?
Images/lapel_design_labels/93d87fd6ccca7f3ff6257af0f9474db3.jpg,lapel_design_labels,?
Images/lapel_design_labels/d8c4bbca0a0039ac88cce119f2734cda.jpg,lapel_design_labels,?
Images/lapel_design_labels/770e9414962f96ca1c7fb8cedb0fcbf7.jpg,lapel_design_labels,?
Images/lapel_design_labels/696e8b4ab94686ba002c47d4a8fec595.jpg,lapel_design_labels,?
Images/lapel_design_labels/2846ffeeabf6afc1bccf5f916ecd134f.jpg,lapel_design_labels,?
Images/lapel_design_labels/826c38fdc925e10a50e19e18e67b58bf.jpg,lapel_design_labels,?
Images/lapel_design_labels/60274012af7d856237dccba93fb58634.jpg,lapel_design_labels,?
Images/lapel_design_labels/3e237b38cd272e582f8323959bb4abf3.jpg,lapel_design_labels,?
Images/lapel_design_labels/cab151fcf2ac8dbf82c13b59d162b2ba.jpg,lapel_design_labels,?
Images/lapel_design_labels/12ff8ee3feb4f184261ccc1a6bfdd80c.jpg,lapel_design_labels,?
Images/lapel_design_labels/e3b6692976e92b96c8db3f54dc49ebc1.jpg,lapel_design_labels,?
Images/lapel_design_labels/4131d1bb2c136ca090557c9df68574aa.jpg,lapel_design_labels,?
Images/lapel_design_labels/832277d583247b7671233c8c1c45915d.jpg,lapel_design_labels,?
Images/lapel_design_labels/a9a9215e048ecb6462380e4cd1dc4d38.jpg,lapel_design_labels,?
Images/lapel_design_labels/439318c8ec663ba7397b15402097ed0b.jpg,lapel_design_labels,?
Images/lapel_design_labels/f1ce23664add461a00a31d8fbbd3315b.jpg,lapel_design_labels,?
Images/lapel_design_labels/a0133e418888ddd09cad2c13e13af06f.jpg,lapel_design_labels,?
Images/lapel_design_labels/d33d07d270f308109056a808f0584a72.jpg,lapel_design_labels,?
Images/lapel_design_labels/0fac3af496f0767a03a913a076ba4c29.jpg,lapel_design_labels,?
Images/lapel_design_labels/92bf3691d4860f783f5c4d7ddcec023a.jpg,lapel_design_labels,?
Images/lapel_design_labels/8ae8857d1b0b7a43eceb6c30d6f384b7.jpg,lapel_design_labels,?
Images/lapel_design_labels/0e12d2d286aacc07e69863d23dbf05ca.jpg,lapel_design_labels,?
Images/lapel_design_labels/036613b91e564690e04117a3901211f1.jpg,lapel_design_labels,?
Images/lapel_design_labels/6b9c4738dc39c302d9be02ad32e2f571.jpg,lapel_design_labels,?
Images/lapel_design_labels/e0353f3fb359060b8cfe37db2e748460.jpg,lapel_design_labels,?
Images/lapel_design_labels/cc2fc18321f277da47350db175c984c1.jpg,lapel_design_labels,?
Images/lapel_design_labels/2f0925f2a8a23c9fd1099ae7a81261a0.jpg,lapel_design_labels,?
Images/lapel_design_labels/926f52d490f6d3581e21fd25bf1eb9de.jpg,lapel_design_labels,?
Images/lapel_design_labels/3a3704d827aaf6f5e1f9d68dda08e50e.jpg,lapel_design_labels,?
Images/lapel_design_labels/c1a9f64fd28d0b87b92f64859ae1725b.jpg,lapel_design_labels,?
Images/lapel_design_labels/9336de56111a26316086028853e74e53.jpg,lapel_design_labels,?
Images/lapel_design_labels/a05044fc9e090fac5177c1f455db7178.jpg,lapel_design_labels,?
Images/lapel_design_labels/0623c9d400921e994d58a5fe1b342b08.jpg,lapel_design_labels,?
Images/lapel_design_labels/dac5dd850a6a0bbe00bc8d19e7bcb57c.jpg,lapel_design_labels,?
Images/lapel_design_labels/37fda6112d2d24dd8e21a1eda097a796.jpg,lapel_design_labels,?
Images/lapel_design_labels/4102bd3d2b630d141ecd2212bcbebd58.jpg,lapel_design_labels,?
Images/lapel_design_labels/b9ea778723ee90f652828538aadfe7e0.jpg,lapel_design_labels,?
Images/lapel_design_labels/97f2efaf9a643099187aea77326db106.jpg,lapel_design_labels,?
Images/lapel_design_labels/abe3b619db3f16dad9f0584f755b6e97.jpg,lapel_design_labels,?
Images/lapel_design_labels/beb2cb50e86b34d8de1f5950d49a23b8.jpg,lapel_design_labels,?
Images/lapel_design_labels/76614a814db5158c81cfec3cfcb971c5.jpg,lapel_design_labels,?
Images/lapel_design_labels/c6b57bd89880e73f765f2fba6974dad5.jpg,lapel_design_labels,?
Images/lapel_design_labels/1c42083d1bbdbe9fb4c84a0074af3c34.jpg,lapel_design_labels,?
Images/lapel_design_labels/c2464bb2183cbf7996e02c563ab0b1f8.jpg,lapel_design_labels,?
Images/lapel_design_labels/ee1ad6dc25b207f713c31a49984759c9.jpg,lapel_design_labels,?
Images/lapel_design_labels/373df6255ad4981eedcad6d9e2b6048c.jpg,lapel_design_labels,?
Images/lapel_design_labels/e3e101577d551e43f187581caa14032c.jpg,lapel_design_labels,?
Images/lapel_design_labels/1649b498dfe84fd0629e168a4c8ee829.jpg,lapel_design_labels,?
Images/lapel_design_labels/f648e9b593dbda37bdb999d21a84c7ae.jpg,lapel_design_labels,?
Images/lapel_design_labels/539c5a90a919957394d87678ea86daa2.jpg,lapel_design_labels,?
Images/lapel_design_labels/18c2947f69c3d33d949a546cc4ce84b4.jpg,lapel_design_labels,?
Images/lapel_design_labels/477baf4a5741d61be74c004f4a371cb7.jpg,lapel_design_labels,?
Images/lapel_design_labels/657f7599fb3e8a6c78b9e5d4755bcbec.jpg,lapel_design_labels,?
Images/lapel_design_labels/a157fc9e2328c568a7bc202abb3d4127.jpg,lapel_design_labels,?
Images/lapel_design_labels/8cab36b4673f104b7ee49acd70c71a61.jpg,lapel_design_labels,?
Images/lapel_design_labels/d21d552c7f09eef778fd40c70ebf1115.jpg,lapel_design_labels,?
Images/lapel_design_labels/669803dce25fed64a741ff226659bb44.jpg,lapel_design_labels,?
Images/lapel_design_labels/69a1783eb8d8e60eb3f6163d985ea004.jpg,lapel_design_labels,?
Images/lapel_design_labels/6f70bf0d0b5c51f641f5975117b8d66f.jpg,lapel_design_labels,?
Images/lapel_design_labels/466b7a98edcdc9e3b899eb69c5531814.jpg,lapel_design_labels,?
Images/lapel_design_labels/0ccd56425f07000d5aa2ece967723a7f.jpg,lapel_design_labels,?
Images/lapel_design_labels/8731b32317c267cdd1cf8556a37b137d.jpg,lapel_design_labels,?
Images/lapel_design_labels/3f67d36ab313f0b98b8d33bf427b346b.jpg,lapel_design_labels,?
Images/lapel_design_labels/c1092645241c4dfc26e4fc2b46836d2c.jpg,lapel_design_labels,?
Images/lapel_design_labels/2aa8257473c40662ff815fff13383bca.jpg,lapel_design_labels,?
Images/lapel_design_labels/d2f4ddc31d08cfa43642849570fb8144.jpg,lapel_design_labels,?
Images/lapel_design_labels/ea28c237e388878a34343ed0c27ae069.jpg,lapel_design_labels,?
Images/lapel_design_labels/b9874f5b0cddfc65f7c634382666d1ea.jpg,lapel_design_labels,?
Images/lapel_design_labels/5b2a74e97ea046ed636c7a43b42d1da3.jpg,lapel_design_labels,?
Images/lapel_design_labels/3ba041f7bc0e730407fb5bdb58ba16ba.jpg,lapel_design_labels,?
Images/lapel_design_labels/88af99da8698d52e00ee220beca17acf.jpg,lapel_design_labels,?
Images/lapel_design_labels/abbbd9ebbba940e66edf03db6d0a8a66.jpg,lapel_design_labels,?
Images/lapel_design_labels/1c391196e69b37d9263f5da0237cce8f.jpg,lapel_design_labels,?
Images/lapel_design_labels/04e886d5cd59d25ca4dd3a523a49af6c.jpg,lapel_design_labels,?
Images/lapel_design_labels/737630fc0c040c94f521fd7ba72fd6ee.jpg,lapel_design_labels,?
Images/lapel_design_labels/577dd4a97615b33e96762e0c7cbb16d6.jpg,lapel_design_labels,?
Images/lapel_design_labels/1e4449384b1ec21a4fd5b5556ec48b2a.jpg,lapel_design_labels,?
Images/lapel_design_labels/d800e51c512d9d0659e8a364417c8fb5.jpg,lapel_design_labels,?
Images/lapel_design_labels/f509a9d3d8b7fe7a6a2a74583c9ba810.jpg,lapel_design_labels,?
Images/lapel_design_labels/e731150966c12dc0db4f6fc30754100b.jpg,lapel_design_labels,?
Images/lapel_design_labels/c8b622900e55ae1e0c91fd837f6d8379.jpg,lapel_design_labels,?
Images/lapel_design_labels/bd7300222a1ae2f29e4dab8b4cdae8e8.jpg,lapel_design_labels,?
Images/lapel_design_labels/04baa161a415ef1b739656aaec87fbd7.jpg,lapel_design_labels,?
Images/lapel_design_labels/7d0ad077d6e4c9de1abbbcfada8673c2.jpg,lapel_design_labels,?
Images/lapel_design_labels/638f5ba5e59ac9add658f6070054d4a3.jpg,lapel_design_labels,?
Images/lapel_design_labels/724ef51e6bf9b45026d38ef84d5fd9e7.jpg,lapel_design_labels,?
Images/lapel_design_labels/6c43150954a5788cffb178b7e15ab836.jpg,lapel_design_labels,?
Images/lapel_design_labels/818fd8e3ecac59e36d43ac73f2829ae5.jpg,lapel_design_labels,?
Images/lapel_design_labels/241371042efc129054e7bf3396146fc6.jpg,lapel_design_labels,?
Images/lapel_design_labels/6812dc471c2142846d6918200df844d3.jpg,lapel_design_labels,?
Images/lapel_design_labels/cfeca48024be080ae490750cc934cde8.jpg,lapel_design_labels,?
Images/lapel_design_labels/64c28fcb7c9b7829c769dade0dc2e561.jpg,lapel_design_labels,?
Images/lapel_design_labels/e1dfa9cb38239a9e67470df74927dcfa.jpg,lapel_design_labels,?
Images/lapel_design_labels/d7c7d1410363a4e0c8356c71eb8e578b.jpg,lapel_design_labels,?
Images/lapel_design_labels/080fa9e2442236eb4b8578568c17d92b.jpg,lapel_design_labels,?
Images/lapel_design_labels/bfb4bce46f83452ab21c360cca3f4128.jpg,lapel_design_labels,?
Images/lapel_design_labels/af9efc119cbb1dc738531674f3eae8e0.jpg,lapel_design_labels,?
Images/lapel_design_labels/8fba72b2e3c7e4cc0089d7a5618f48e6.jpg,lapel_design_labels,?
Images/lapel_design_labels/788b60a834652ae9c0956852d7fcf407.jpg,lapel_design_labels,?
Images/lapel_design_labels/e3e20a4330ca6db3e2a675ca76bfe454.jpg,lapel_design_labels,?
Images/lapel_design_labels/84b5344aed24931c4ab831a13cb981f8.jpg,lapel_design_labels,?
Images/lapel_design_labels/ad170b0933b75e9c7cd30bf4c4ab4852.jpg,lapel_design_labels,?
Images/lapel_design_labels/12d5226e1cc6da475f3a9483718bb372.jpg,lapel_design_labels,?
Images/lapel_design_labels/9eb9b6df5281b455de508116caa45196.jpg,lapel_design_labels,?
Images/lapel_design_labels/9c63943925a069cc7160abab44c608ed.jpg,lapel_design_labels,?
Images/lapel_design_labels/fef5876e096735cb4db596dc621a0140.jpg,lapel_design_labels,?
Images/lapel_design_labels/09446e2dde12c1e1fb1d927e91974fe7.jpg,lapel_design_labels,?
Images/lapel_design_labels/6c8c60d793767d4093f4c3955650726d.jpg,lapel_design_labels,?
Images/lapel_design_labels/ea2f4b70b031ed1fdbd146bd5d0285dd.jpg,lapel_design_labels,?
Images/lapel_design_labels/35b3de07cc73c3c38d1378d7223eb34f.jpg,lapel_design_labels,?
Images/lapel_design_labels/0908ae813c9afb91bf0b2f395db75026.jpg,lapel_design_labels,?
Images/lapel_design_labels/1db36d042a800169ed7b10369f094527.jpg,lapel_design_labels,?
Images/lapel_design_labels/5f1a44df5d57b0f13d2c24e33c98d088.jpg,lapel_design_labels,?
Images/lapel_design_labels/8ed0aaec27df6ef34003df96bcf33d91.jpg,lapel_design_labels,?
Images/lapel_design_labels/c1cf5afca5b6abc4a992ce3277fec752.jpg,lapel_design_labels,?
Images/lapel_design_labels/93921739e5995b4e9678550905ca884f.jpg,lapel_design_labels,?
Images/lapel_design_labels/ee3c460a58b60857302370055a343b45.jpg,lapel_design_labels,?
Images/lapel_design_labels/e01fc32d3d1132febb68f11f42d997fe.jpg,lapel_design_labels,?
Images/lapel_design_labels/14607fdb4c9a5a030f3728ae9f957d63.jpg,lapel_design_labels,?
Images/lapel_design_labels/1dc0a7d18ac98475733a2a1f7c3271b8.jpg,lapel_design_labels,?
Images/lapel_design_labels/a66a82ea751f3cd5d791d77983d04f01.jpg,lapel_design_labels,?
Images/lapel_design_labels/82fb67fcc3eefb8beea6dd094b416f50.jpg,lapel_design_labels,?
Images/lapel_design_labels/97f4f5276aa6658792cfe679a19bbffe.jpg,lapel_design_labels,?
Images/lapel_design_labels/646721e0dcd83beec85bae5ab8366d58.jpg,lapel_design_labels,?
Images/lapel_design_labels/333c8034dea1e2fb05826d1e798ca790.jpg,lapel_design_labels,?
Images/lapel_design_labels/fde12c1efd338fbce737d36c93aa8ba3.jpg,lapel_design_labels,?
Images/lapel_design_labels/acce59c71d7b0a4efd37e019d94aebbf.jpg,lapel_design_labels,?
Images/lapel_design_labels/8e5e75c53ee1bace917481314d308989.jpg,lapel_design_labels,?
Images/lapel_design_labels/9f07debcd5062d684ed25fcfd0d32243.jpg,lapel_design_labels,?
Images/lapel_design_labels/a1de8d4588a674a83fd803ad53777e54.jpg,lapel_design_labels,?
Images/lapel_design_labels/850c97f349a112806e229c5ced94a208.jpg,lapel_design_labels,?
Images/lapel_design_labels/c3eddf1315a38a2bb4960a2b56906ff8.jpg,lapel_design_labels,?
Images/lapel_design_labels/19939604de86e9d693d69175e51321d2.jpg,lapel_design_labels,?
Images/lapel_design_labels/56d5a9c74099124cac03c7c56cee8d93.jpg,lapel_design_labels,?
Images/lapel_design_labels/c7e89b6345254005de15af7031b431cc.jpg,lapel_design_labels,?
Images/lapel_design_labels/5a5115cede483a3f2d522d859b13ba40.jpg,lapel_design_labels,?
Images/lapel_design_labels/5dc5b66f08905c9f7832fd9210ee5c4a.jpg,lapel_design_labels,?
Images/lapel_design_labels/2e5844dbd747a5f527cca9fbe86f89b1.jpg,lapel_design_labels,?
Images/lapel_design_labels/82a92cc9482bb733723e6e241773a154.jpg,lapel_design_labels,?
Images/lapel_design_labels/f77797015519835bc62deccf721d9198.jpg,lapel_design_labels,?
Images/lapel_design_labels/ac31f1c90999fed7988fd0558bec1a06.jpg,lapel_design_labels,?
Images/lapel_design_labels/5d77b890f0f618973f7705bf62f333a9.jpg,lapel_design_labels,?
Images/lapel_design_labels/2a4e54e2bc5b5c32d4a166305fdcbf66.jpg,lapel_design_labels,?
Images/lapel_design_labels/4590573aa92923b27539db0f719ce30a.jpg,lapel_design_labels,?
Images/lapel_design_labels/545938b96f4a8ccf926b06f50052e59e.jpg,lapel_design_labels,?
Images/lapel_design_labels/1097cfe3a8bdedc345f77ceee2101888.jpg,lapel_design_labels,?
Images/lapel_design_labels/a0edba35fd2a93df0a135141380c9d17.jpg,lapel_design_labels,?
Images/lapel_design_labels/96710e97cb8cc73f7447e47b89da9db8.jpg,lapel_design_labels,?
Images/lapel_design_labels/6ac1147e3e9180744f5b4b764de680bc.jpg,lapel_design_labels,?
Images/lapel_design_labels/9f9994861ae661bb14d431b0ee015c43.jpg,lapel_design_labels,?
Images/lapel_design_labels/fcd9f1a66599b667ccc869e32d9e6ae3.jpg,lapel_design_labels,?
Images/lapel_design_labels/4622cd59c0f747741db29bdc242bdfcf.jpg,lapel_design_labels,?
Images/lapel_design_labels/c018fc81a18fcff8455545b1ee03d031.jpg,lapel_design_labels,?
Images/lapel_design_labels/de7f5f612fe61cdad2c5e7c491ee2cb6.jpg,lapel_design_labels,?
Images/lapel_design_labels/893250ab972ffe9b14af9356a7c23dd8.jpg,lapel_design_labels,?
Images/lapel_design_labels/6655c948ea91ede87f5b552f40739df0.jpg,lapel_design_labels,?
Images/lapel_design_labels/e4dc84373501aa4ba622992ef37bdd5f.jpg,lapel_design_labels,?
Images/lapel_design_labels/bfaee36b88e69362433cc053ac617116.jpg,lapel_design_labels,?
Images/lapel_design_labels/731526a8e90fbe2163b1f5078f2e3853.jpg,lapel_design_labels,?
Images/lapel_design_labels/97c929ea2ceedc1a312d10a9aaf016b8.jpg,lapel_design_labels,?
Images/lapel_design_labels/40d890ff654cf7b1dbd2723b26f9eecd.jpg,lapel_design_labels,?
Images/lapel_design_labels/06ebf7bd517f3cbac77412cc648c5eb8.jpg,lapel_design_labels,?
Images/lapel_design_labels/d950a6710838401e2e0516086463c416.jpg,lapel_design_labels,?
Images/lapel_design_labels/2f4822fc4af34c1cd3d950d2e83e8091.jpg,lapel_design_labels,?
Images/lapel_design_labels/02c0e939981472060dec30d502bafbb5.jpg,lapel_design_labels,?
Images/lapel_design_labels/beaca8cedf4033d562e16a508399dd3b.jpg,lapel_design_labels,?
Images/lapel_design_labels/e80684e492f2d720b63641ca12d486f7.jpg,lapel_design_labels,?
Images/lapel_design_labels/6d4052f95673fc9aa867739ed07e98c7.jpg,lapel_design_labels,?
Images/lapel_design_labels/d24f2927a2958ccfe19e1d410a0ef18c.jpg,lapel_design_labels,?
Images/lapel_design_labels/d32f322ffae1c3c40edf2ebcbd9d4a73.jpg,lapel_design_labels,?
Images/lapel_design_labels/d85caa3e5cbb5138c23f47811d1fa0e4.jpg,lapel_design_labels,?
Images/lapel_design_labels/ed0a02f6b21b0f76be4e7ef693350d9a.jpg,lapel_design_labels,?
Images/lapel_design_labels/060ae2ec63a6468a9e0be6a0842535ab.jpg,lapel_design_labels,?
Images/lapel_design_labels/5ffea99111444ce0f9f5b4ca4ca6c143.jpg,lapel_design_labels,?
Images/lapel_design_labels/a9873217158542bc4f6a47deec6a62f4.jpg,lapel_design_labels,?
Images/lapel_design_labels/d8f114f14603b84b412470c4349a3cea.jpg,lapel_design_labels,?
Images/lapel_design_labels/4491cdd98f695d823a54510fa7cc3f62.jpg,lapel_design_labels,?
Images/lapel_design_labels/f5fdeb3bbf6c761a338fe1585071332a.jpg,lapel_design_labels,?
Images/lapel_design_labels/938d3d4adcdfe145d83631a84a944058.jpg,lapel_design_labels,?
Images/lapel_design_labels/5fa9df418fb74edc39d93e87668fc982.jpg,lapel_design_labels,?
Images/lapel_design_labels/3372d82f543abb41475f45ea6ed6802a.jpg,lapel_design_labels,?
Images/lapel_design_labels/58a8376b7cbbc5337380ac002ba55a12.jpg,lapel_design_labels,?
Images/lapel_design_labels/e30ce090ffda1ffb2322331555e3ad43.jpg,lapel_design_labels,?
Images/lapel_design_labels/3c9bed49fc0101024497257a6262a9b4.jpg,lapel_design_labels,?
Images/lapel_design_labels/cd29b370a0bb360a6708d889a88abbe7.jpg,lapel_design_labels,?
Images/lapel_design_labels/391e6a51865d4fa4a7d6d24012114a8d.jpg,lapel_design_labels,?
Images/lapel_design_labels/79933903b625ca8211f93a776854245f.jpg,lapel_design_labels,?
Images/lapel_design_labels/8fe1e9ece056fe17006c4aadefe72605.jpg,lapel_design_labels,?
Images/lapel_design_labels/d360dfaf12ce152d80d8d42ae2c6f52c.jpg,lapel_design_labels,?
Images/lapel_design_labels/bff361d41c503873af2a9a3f7b8488df.jpg,lapel_design_labels,?
Images/lapel_design_labels/cc21807e3adb843542a9eb9a47090508.jpg,lapel_design_labels,?
Images/lapel_design_labels/bfeca7ab6d1e42b2fb88acda3361f2ce.jpg,lapel_design_labels,?
Images/lapel_design_labels/ba9144b01ece11673315f12a29ccc3e2.jpg,lapel_design_labels,?
Images/lapel_design_labels/6ba6cb6e208e626faf7c9a596d6a00ce.jpg,lapel_design_labels,?
Images/lapel_design_labels/32bf4c6eb88c572cd023dfda539907e2.jpg,lapel_design_labels,?
Images/lapel_design_labels/71f311d45a30be2d0af541db7bb008bc.jpg,lapel_design_labels,?
Images/lapel_design_labels/bb52618e626d5d45cfa8dfc36b24929a.jpg,lapel_design_labels,?
Images/lapel_design_labels/2b49670bf6c04b85b624427bbd00ad9d.jpg,lapel_design_labels,?
Images/lapel_design_labels/6c3621648c94d6954fe72ba5c762239d.jpg,lapel_design_labels,?
Images/lapel_design_labels/d57c89dff9d72d237e2436a60f1fb5b2.jpg,lapel_design_labels,?
Images/lapel_design_labels/582d99afb42c8bf8ec283fd1f3a0b8ef.jpg,lapel_design_labels,?
Images/lapel_design_labels/50fac3a7d509432a2de2241fc6c89297.jpg,lapel_design_labels,?
Images/lapel_design_labels/eebdcc7b055a82c292964c0f3b1addf8.jpg,lapel_design_labels,?
Images/lapel_design_labels/44505e33195e4837d091d26310c7795a.jpg,lapel_design_labels,?
Images/lapel_design_labels/d29b627f29d64214f245eabfa3cdcf32.jpg,lapel_design_labels,?
Images/lapel_design_labels/3984e0a5fc5a8369cb2b77d0084ed0e7.jpg,lapel_design_labels,?
Images/lapel_design_labels/065a8d393c2a8314728ca4989cf2b33b.jpg,lapel_design_labels,?
Images/lapel_design_labels/0963a218d89f282a2d5904521353491f.jpg,lapel_design_labels,?
Images/lapel_design_labels/abd5650939e4c59f9d49dffb920c0e29.jpg,lapel_design_labels,?
Images/lapel_design_labels/2089e45e0613b243ee4c93517b10540b.jpg,lapel_design_labels,?
Images/lapel_design_labels/fb7fec2ce963be08a7133f70d1bb0c23.jpg,lapel_design_labels,?
Images/lapel_design_labels/50e241f25264bf92a26fbbed5b82c390.jpg,lapel_design_labels,?
Images/lapel_design_labels/15464faa7928ee606f8e539629e76007.jpg,lapel_design_labels,?
Images/lapel_design_labels/9682a4d365388c57276ab2a9a34f3baa.jpg,lapel_design_labels,?
Images/lapel_design_labels/1d796dd68d968462e94701714f046565.jpg,lapel_design_labels,?
Images/lapel_design_labels/68653f69da5d0cce62de68558467c749.jpg,lapel_design_labels,?
Images/lapel_design_labels/e741ae6677b762086a0025a2ca8d6bfb.jpg,lapel_design_labels,?
Images/lapel_design_labels/6bea81343d84ededa35ec406ba96278a.jpg,lapel_design_labels,?
Images/lapel_design_labels/208d2f5da7e0e8c157acd6dc8eb2f1ec.jpg,lapel_design_labels,?
Images/lapel_design_labels/00b3d3ef9aa50d159c30e6450a38a56e.jpg,lapel_design_labels,?
Images/lapel_design_labels/bf5a517b108e8e82c8ce58961d59a0e6.jpg,lapel_design_labels,?
Images/lapel_design_labels/87dfa4c88c0e5908051e5d377d7a4eb6.jpg,lapel_design_labels,?
Images/lapel_design_labels/e8a0b91782cfe019ba42a1890290956e.jpg,lapel_design_labels,?
Images/lapel_design_labels/61d011d9284b6e96fe96fe3650bda58e.jpg,lapel_design_labels,?
Images/lapel_design_labels/7dad04efb878bc03b7f515b12c442423.jpg,lapel_design_labels,?
Images/lapel_design_labels/a8e2dc29a8a911321e487672edfbd9a3.jpg,lapel_design_labels,?
Images/lapel_design_labels/7ce21e2a9f32b8b679d43622ac668162.jpg,lapel_design_labels,?
Images/lapel_design_labels/ceb7b44a3fde38754fd636f5f13a485f.jpg,lapel_design_labels,?
Images/lapel_design_labels/0b31a17c60d8950a1aa711ba59b981c1.jpg,lapel_design_labels,?
Images/lapel_design_labels/f55832c4e47677ca99d230a7f1370293.jpg,lapel_design_labels,?
Images/lapel_design_labels/db7c28617c8cf77b3c734fa4aa979e34.jpg,lapel_design_labels,?
Images/lapel_design_labels/e7149d45d4913073f0b9b8541a68be7b.jpg,lapel_design_labels,?
Images/lapel_design_labels/7d0ef7b9b91d3863f43c8fb7fc75a113.jpg,lapel_design_labels,?
Images/lapel_design_labels/3b6c3dd3fece668cf13f5d9c83fe5a98.jpg,lapel_design_labels,?
Images/lapel_design_labels/8edbc82a7a3dfd38e0cf3d78be49345e.jpg,lapel_design_labels,?
Images/lapel_design_labels/35dd8c62601b466687e354aae6eb87a1.jpg,lapel_design_labels,?
Images/lapel_design_labels/ecd36ffce32d044cf08d5d4967ea1684.jpg,lapel_design_labels,?
Images/lapel_design_labels/2dadc83d90cd37a7cfbeee803a690edc.jpg,lapel_design_labels,?
Images/lapel_design_labels/b8aea5ea79830f1cfb767eecccdd5e8e.jpg,lapel_design_labels,?
Images/lapel_design_labels/a454c1d0ff5846f6b07280b814ffd7f3.jpg,lapel_design_labels,?
Images/lapel_design_labels/63a36c50611ef50ffc8bfbc93634f57f.jpg,lapel_design_labels,?
Images/lapel_design_labels/41464fed0a050726b2b491db01bae5de.jpg,lapel_design_labels,?
Images/lapel_design_labels/2edf1086fcb2ee2c40bb066ae12f20ab.jpg,lapel_design_labels,?
Images/lapel_design_labels/e838c25c638f493db2f82e7e9f2aa6f1.jpg,lapel_design_labels,?
Images/lapel_design_labels/78892885212bc855de8856a70b54beea.jpg,lapel_design_labels,?
Images/lapel_design_labels/528c8bce6449d52454e545d250ab54ff.jpg,lapel_design_labels,?
Images/lapel_design_labels/80bd2433ad64ad289955270a61435f9b.jpg,lapel_design_labels,?
Images/lapel_design_labels/812e4f2338caa6e50e859cbe80aaef12.jpg,lapel_design_labels,?
Images/lapel_design_labels/3c1bc736ed3a80a6f05f77720f32337e.jpg,lapel_design_labels,?
Images/lapel_design_labels/b7dd99407574aa7eefbf24d11212d81b.jpg,lapel_design_labels,?
Images/lapel_design_labels/56c8bcbc3e0b7c26f141f49a56cddf1d.jpg,lapel_design_labels,?
Images/lapel_design_labels/3d5f108f17b918b491c45d4f8d9e51a1.jpg,lapel_design_labels,?
Images/lapel_design_labels/c17143f11009e50fe1dc36a42b872c10.jpg,lapel_design_labels,?
Images/lapel_design_labels/e69ff4d28bedaccd0afd5be49f2d446b.jpg,lapel_design_labels,?
Images/lapel_design_labels/8bfdda4b3e904b8c118a4e02b128a31d.jpg,lapel_design_labels,?
Images/lapel_design_labels/d53a27b910df93b04f94c19e56935c94.jpg,lapel_design_labels,?
Images/lapel_design_labels/e91fcdab4f4ca428ecb474d6a2ddc88e.jpg,lapel_design_labels,?
Images/lapel_design_labels/30b574488278a80be0a67adef92a7317.jpg,lapel_design_labels,?
Images/lapel_design_labels/06dd3c1384c4a2c33a05997f3225444b.jpg,lapel_design_labels,?
Images/lapel_design_labels/6819af7793dd77896941bf7efe9b83c7.jpg,lapel_design_labels,?
Images/lapel_design_labels/e96010baae58ef06756ad3c9c135d32b.jpg,lapel_design_labels,?
Images/lapel_design_labels/30a09585f916c3f7832fad66c64e2983.jpg,lapel_design_labels,?
Images/lapel_design_labels/1ef4a649a9f24328535a73fcf1217e4b.jpg,lapel_design_labels,?
Images/lapel_design_labels/dfee949fdc1af39fb6b6505bd4b37f31.jpg,lapel_design_labels,?
Images/lapel_design_labels/c0ebafbca519734e5633cb335ae19770.jpg,lapel_design_labels,?
Images/lapel_design_labels/eee67495eb397502e8c6c9552845e017.jpg,lapel_design_labels,?
Images/lapel_design_labels/00e1933e1b020fb74993bc65de7f8aa8.jpg,lapel_design_labels,?
Images/lapel_design_labels/c60dca6023ca657c0118e09cd77b28ba.jpg,lapel_design_labels,?
Images/lapel_design_labels/5df3cb1499d33b656f3ca86123570530.jpg,lapel_design_labels,?
Images/lapel_design_labels/cfd25409c7b82d2367b6b3c1c8c3988a.jpg,lapel_design_labels,?
Images/lapel_design_labels/3664c7127796095467238220009b720f.jpg,lapel_design_labels,?
Images/lapel_design_labels/aafee006ee2bba4dfb5b526dd2de67fc.jpg,lapel_design_labels,?
Images/lapel_design_labels/ca79fd38ea47e55f3c6f62f4e4847ea3.jpg,lapel_design_labels,?
Images/lapel_design_labels/08f65971a2da7eecd6a7ea02386dc624.jpg,lapel_design_labels,?
Images/lapel_design_labels/36c4a1898003ac6b26b5f94708aab6c3.jpg,lapel_design_labels,?
Images/lapel_design_labels/a7fab712cb31c5da6391ebdc780cd5b3.jpg,lapel_design_labels,?
Images/lapel_design_labels/b1581c41d3e54b7eef1ff2bfbad19380.jpg,lapel_design_labels,?
Images/lapel_design_labels/67e13520da321c1bc36181dc9c7ab5ee.jpg,lapel_design_labels,?
Images/lapel_design_labels/a69981a4ac23fa563f924055aa3965d6.jpg,lapel_design_labels,?
Images/lapel_design_labels/c203d59c0949fdf664e04806f68cd747.jpg,lapel_design_labels,?
Images/lapel_design_labels/9f7eb82be3e6c5f74589f86eff31bc15.jpg,lapel_design_labels,?
Images/lapel_design_labels/de51aef4606fb64e352f28ba85484523.jpg,lapel_design_labels,?
Images/lapel_design_labels/e2bae66777b8ee00abf03691e082b8cb.jpg,lapel_design_labels,?
Images/lapel_design_labels/bfae38fa4b669d49cdb1064e4db5c4cc.jpg,lapel_design_labels,?
Images/lapel_design_labels/cf786943b69d0848cea9045210e6a4c1.jpg,lapel_design_labels,?
Images/lapel_design_labels/44d50b7fd6a4da2f977b81ebe79aa327.jpg,lapel_design_labels,?
Images/lapel_design_labels/7267ade6a630e3078808d8d098a7bef8.jpg,lapel_design_labels,?
Images/lapel_design_labels/406c0cf61c3e25c7c9d0a534231ed821.jpg,lapel_design_labels,?
Images/lapel_design_labels/667f4081864d899643f8988a6ff27ca6.jpg,lapel_design_labels,?
Images/lapel_design_labels/f8bc3b1342456c9b476f921f79135ece.jpg,lapel_design_labels,?
Images/lapel_design_labels/b346c409b99bdc06c4a206e0c9a6a8b8.jpg,lapel_design_labels,?
Images/lapel_design_labels/fcb201833fe56520d240d651ede99dd1.jpg,lapel_design_labels,?
Images/lapel_design_labels/47c2bcf35018e8efe8b928ae50c2df8d.jpg,lapel_design_labels,?
Images/lapel_design_labels/bad75464c738a510797e49fc1a83140c.jpg,lapel_design_labels,?
Images/lapel_design_labels/d88d777b97b97b01b90f4082d23d5ca9.jpg,lapel_design_labels,?
Images/lapel_design_labels/f5909bd71f952fba9fea46eed0359f44.jpg,lapel_design_labels,?
Images/lapel_design_labels/5d5d45fd199af9c34015647ad7a8a362.jpg,lapel_design_labels,?
Images/lapel_design_labels/564187683b7c70c2a2b83b868e908074.jpg,lapel_design_labels,?
Images/lapel_design_labels/75e9e9be3c900ecd23a749de363c25c8.jpg,lapel_design_labels,?
Images/lapel_design_labels/35cdb3a8913025c01006516da589436b.jpg,lapel_design_labels,?
Images/lapel_design_labels/f61a994718d9c26188e4afbedef28145.jpg,lapel_design_labels,?
Images/lapel_design_labels/683ac22626e7f540b9b63b40f380dcd2.jpg,lapel_design_labels,?
Images/lapel_design_labels/4518beed6adf425afff0859e66ea2fa9.jpg,lapel_design_labels,?
Images/lapel_design_labels/34af78c791e420af0cbcf398a705ebcf.jpg,lapel_design_labels,?
Images/lapel_design_labels/d7ffcc8fe8b2b1e4239bc6276feafbb2.jpg,lapel_design_labels,?
Images/lapel_design_labels/334c05573daa81bc0a37cf2071e3513a.jpg,lapel_design_labels,?
Images/lapel_design_labels/028c3abef9c4b21153f9987e83c698b9.jpg,lapel_design_labels,?
Images/lapel_design_labels/2650a3e7b3e25124dddf447fc1428fe3.jpg,lapel_design_labels,?
Images/lapel_design_labels/ebdfeb1a00a4a0ae586b96209765f067.jpg,lapel_design_labels,?
Images/lapel_design_labels/a0f75f6ccb63d40b83d670afe40f718b.jpg,lapel_design_labels,?
Images/lapel_design_labels/b389fa54ab8fa0c4e793a7364c9fb89d.jpg,lapel_design_labels,?
Images/lapel_design_labels/466108a1c7748b7316155ca0f9460eca.jpg,lapel_design_labels,?
Images/lapel_design_labels/b900519b36244d6b4e9617a94d1d8aea.jpg,lapel_design_labels,?
Images/lapel_design_labels/f5b3787a271ba6799f45b1e885457cf5.jpg,lapel_design_labels,?
Images/lapel_design_labels/f3d0493c3992690f2f57a89fd0cb21a7.jpg,lapel_design_labels,?
Images/lapel_design_labels/7ff380dec95f47684cf3853b44401b09.jpg,lapel_design_labels,?
Images/lapel_design_labels/a1148846a249e050e47a6128cc2cd95b.jpg,lapel_design_labels,?
Images/lapel_design_labels/1dacdcb574f5b8e7bbb9d39dbdf610b1.jpg,lapel_design_labels,?
Images/lapel_design_labels/22bd64c302ecda8c0272719610233672.jpg,lapel_design_labels,?
Images/lapel_design_labels/c54a937748b8bbb6859e553ef9e42c04.jpg,lapel_design_labels,?
Images/lapel_design_labels/3c0e313338dc7a5f585f2347e48e0fca.jpg,lapel_design_labels,?
Images/lapel_design_labels/78e70115a02a939d9a01e8ff49123d14.jpg,lapel_design_labels,?
Images/lapel_design_labels/f2cc15ecf16874b4f23aef60b86fda12.jpg,lapel_design_labels,?
Images/lapel_design_labels/661862192eef64b0fa49ef2c19b253d3.jpg,lapel_design_labels,?
Images/lapel_design_labels/a91c317b967d62e5619570c0f5846983.jpg,lapel_design_labels,?
Images/lapel_design_labels/05de01f28ad4638a40b964f735fd64d8.jpg,lapel_design_labels,?
Images/lapel_design_labels/3427fdfe7ce9bfcd996495e81829d926.jpg,lapel_design_labels,?
Images/lapel_design_labels/d7ef54b7bd320fe01c7658649b50285b.jpg,lapel_design_labels,?
Images/lapel_design_labels/9b3bc988fe8eb31fda40259c03d32f5c.jpg,lapel_design_labels,?
Images/lapel_design_labels/d4587dbc3d10599156e7c4d43fc51119.jpg,lapel_design_labels,?
Images/lapel_design_labels/28750c341a57f8e022aaee35f356bc18.jpg,lapel_design_labels,?
Images/lapel_design_labels/aac9fde80193569e09b581c45781c2db.jpg,lapel_design_labels,?
Images/lapel_design_labels/abef493b14a36423c712f49f78670f1f.jpg,lapel_design_labels,?
Images/lapel_design_labels/2f5f98003154e4b3a0d9bfe37fe7e06d.jpg,lapel_design_labels,?
Images/lapel_design_labels/cbbc80679a6f15546617e0e1b0501d69.jpg,lapel_design_labels,?
Images/lapel_design_labels/76f05359ace717b5fd38b7e49817da17.jpg,lapel_design_labels,?
Images/lapel_design_labels/898ab56c3133dde0e3378d18b4f06a1a.jpg,lapel_design_labels,?
Images/lapel_design_labels/bacec030f8a1fcaf5680a1a018c57d84.jpg,lapel_design_labels,?
Images/lapel_design_labels/ec9ea8f676116d301bfeebd6450474f9.jpg,lapel_design_labels,?
Images/lapel_design_labels/f5521e7aa8e1d9d3ca934869f6f5a552.jpg,lapel_design_labels,?
Images/lapel_design_labels/0acfb6da2d89a4ba7dcab1710530a6fd.jpg,lapel_design_labels,?
Images/lapel_design_labels/15e3154021016730c5668c59c53557b7.jpg,lapel_design_labels,?
Images/lapel_design_labels/de8ce10059eff04d76a0a859c4aa0e17.jpg,lapel_design_labels,?
Images/lapel_design_labels/bbf1d044ca07b0135d905517666c5950.jpg,lapel_design_labels,?
Images/lapel_design_labels/08bff2398ecd90b72c8ba854118be5e8.jpg,lapel_design_labels,?
Images/lapel_design_labels/c8697d0ea6d44e3acbaf3f8756813387.jpg,lapel_design_labels,?
Images/lapel_design_labels/8555082b406a698514352f15459a315e.jpg,lapel_design_labels,?
Images/lapel_design_labels/c1294620b3a2f8e9d970b9bb68ec7b03.jpg,lapel_design_labels,?
Images/lapel_design_labels/e3447096aad511ba85fd11d2086bd8ed.jpg,lapel_design_labels,?
Images/lapel_design_labels/0357e1720dde078edebe98b923c3fa0f.jpg,lapel_design_labels,?
Images/lapel_design_labels/0217946116b5e063f30d169ff1ce6c22.jpg,lapel_design_labels,?
Images/lapel_design_labels/33699506f032964b1f84896e17018b53.jpg,lapel_design_labels,?
Images/lapel_design_labels/5f7cd0fcccd2c8a7aea5a6f38f4d8cc4.jpg,lapel_design_labels,?
Images/lapel_design_labels/a3ecc5f5806cb7030536dcd27bf476ae.jpg,lapel_design_labels,?
Images/lapel_design_labels/0e0aba25ef1fa8400d556946819d81ed.jpg,lapel_design_labels,?
Images/lapel_design_labels/ff0ef70a3f5869ea39f89bd7c27f27cf.jpg,lapel_design_labels,?
Images/lapel_design_labels/4c073ed6f683fa09c194feb3670edec7.jpg,lapel_design_labels,?
Images/lapel_design_labels/7b2be0c866cd434bb26bb0a8107cec84.jpg,lapel_design_labels,?
Images/lapel_design_labels/8ed2305c3dc6dd3faeb185352da7c47d.jpg,lapel_design_labels,?
Images/lapel_design_labels/9ad1a89106277338cb230833d6b72469.jpg,lapel_design_labels,?
Images/lapel_design_labels/41778629b6c0368306a3d2f1113719e5.jpg,lapel_design_labels,?
Images/lapel_design_labels/6bfaa054137715de8ea6f7569f68faa4.jpg,lapel_design_labels,?
Images/lapel_design_labels/4635c05277698c1ea0522e36f53777d9.jpg,lapel_design_labels,?
Images/lapel_design_labels/59956fc6bdf64a847ba4a5a353f573aa.jpg,lapel_design_labels,?
Images/lapel_design_labels/331878d93816fce82a78460f90560dec.jpg,lapel_design_labels,?
Images/lapel_design_labels/5a3f06105ca9f84a25ed0cbd4a5a1d16.jpg,lapel_design_labels,?
Images/lapel_design_labels/67f52bb9a25f5036a338afa18fb0c7a3.jpg,lapel_design_labels,?
Images/lapel_design_labels/6d58b07a9205b22c7ffdfcfdec8a2f19.jpg,lapel_design_labels,?
Images/lapel_design_labels/adf79669608c02537454545628436348.jpg,lapel_design_labels,?
Images/lapel_design_labels/b24318dc952fd8976ad61a11f59155a3.jpg,lapel_design_labels,?
Images/lapel_design_labels/7a219235a03449d324c0f5db352afdc1.jpg,lapel_design_labels,?
Images/lapel_design_labels/9c71148c929a457f355bd608a673fd72.jpg,lapel_design_labels,?
Images/lapel_design_labels/9a53df3d78a7433072bef14173f68694.jpg,lapel_design_labels,?
Images/lapel_design_labels/9dda74bc91498187f562f826a6127b1a.jpg,lapel_design_labels,?
Images/lapel_design_labels/5f4b41880351f40b311f5642536b2f3d.jpg,lapel_design_labels,?
Images/lapel_design_labels/9aedbb45c3f9e05075b8b071657e4895.jpg,lapel_design_labels,?
Images/lapel_design_labels/a5b0ef062d34a93fa2c76f66742afdfd.jpg,lapel_design_labels,?
Images/lapel_design_labels/ef60853d8ffae2a56e8900a4ea3526b1.jpg,lapel_design_labels,?
Images/lapel_design_labels/169e1d86b9b30f898bed1c44fdcf5ba7.jpg,lapel_design_labels,?
Images/lapel_design_labels/0d11aa5312c6d9319a048eb858210bd6.jpg,lapel_design_labels,?
Images/lapel_design_labels/799132af0334382e4cdf624750feee77.jpg,lapel_design_labels,?
Images/lapel_design_labels/2e08410135311cc26cf90b5b421a7351.jpg,lapel_design_labels,?
Images/lapel_design_labels/11951838d0513a967fb691708775658b.jpg,lapel_design_labels,?
Images/lapel_design_labels/f35a952d10ef51145a77891b9d99b596.jpg,lapel_design_labels,?
Images/lapel_design_labels/1125754d34f98f96180205069f5eceb4.jpg,lapel_design_labels,?
Images/lapel_design_labels/a7acac5bdf0bd41c222b1fdd4c3fedcd.jpg,lapel_design_labels,?
Images/lapel_design_labels/197bdfae4758bec959ec22c78a1c2657.jpg,lapel_design_labels,?
Images/lapel_design_labels/ccf7c0f238003736960d28a499e6b6f7.jpg,lapel_design_labels,?
Images/lapel_design_labels/76d1883d19bd1c37119ddaa38bc7ac14.jpg,lapel_design_labels,?
Images/lapel_design_labels/12ac1e9d663c04cbf8878cba08cdb3b7.jpg,lapel_design_labels,?
Images/lapel_design_labels/2d8e697726756d07ec22caf0e018179d.jpg,lapel_design_labels,?
Images/lapel_design_labels/3935ba4d894ed8a23d5c301e4443656f.jpg,lapel_design_labels,?
Images/lapel_design_labels/cbc4f120a4b2a4bbdb89f944c538a265.jpg,lapel_design_labels,?
Images/lapel_design_labels/c02f44775176f1155c5883435c45ccfd.jpg,lapel_design_labels,?
Images/lapel_design_labels/39cc8daca6d5b20be4148a01a5d7f5d9.jpg,lapel_design_labels,?
Images/lapel_design_labels/c7865595086cb29c4eb3d863d06f3c39.jpg,lapel_design_labels,?
Images/lapel_design_labels/d9e189fb54f72aabd11bbdbb44ab8d1b.jpg,lapel_design_labels,?
Images/lapel_design_labels/184f31ebed8dacc6308339130bcdc09a.jpg,lapel_design_labels,?
Images/lapel_design_labels/3db06915107ca4422ac7b8f5e1895a3e.jpg,lapel_design_labels,?
Images/lapel_design_labels/713fcd9d4e3bc66cf2939dd2f1b8de13.jpg,lapel_design_labels,?
Images/lapel_design_labels/7e04e6046df8553141ea96acceaff81f.jpg,lapel_design_labels,?
Images/lapel_design_labels/39e0dd6ac162cf4b51d53e420d39f34c.jpg,lapel_design_labels,?
Images/lapel_design_labels/4998a3490eda82af2204c9fdfc44b32c.jpg,lapel_design_labels,?
Images/lapel_design_labels/fbafa8b2dc429484c660ffa49859d2c9.jpg,lapel_design_labels,?
Images/lapel_design_labels/e3c50d949fac7c16e65478171098105f.jpg,lapel_design_labels,?
Images/lapel_design_labels/a84e5e560e6a0fc21a496b24c3f62e7c.jpg,lapel_design_labels,?
Images/lapel_design_labels/1960c7d8df751b98b1427a9b70cb176e.jpg,lapel_design_labels,?
Images/lapel_design_labels/fdc80ae75cd34a13b93a0d2cedaf44b3.jpg,lapel_design_labels,?
Images/lapel_design_labels/69852b2534e906a0e971776d941b6fad.jpg,lapel_design_labels,?
Images/lapel_design_labels/ee9ea699813fd895e4a75801e8ccb52f.jpg,lapel_design_labels,?
Images/lapel_design_labels/96aca27a82639b887dbcaf6ce669244c.jpg,lapel_design_labels,?
Images/lapel_design_labels/6679a8f913b55d15b336d7ef63a66962.jpg,lapel_design_labels,?
Images/lapel_design_labels/c9360704aa286f6d9aec593fe45cc52b.jpg,lapel_design_labels,?
Images/lapel_design_labels/c359fd7a47a5cdc2a77c41765b3a6417.jpg,lapel_design_labels,?
Images/lapel_design_labels/701bfa16e781295df38c501753a5cb4d.jpg,lapel_design_labels,?
Images/lapel_design_labels/eef7535c126e7edf9ac4de76edf54f09.jpg,lapel_design_labels,?
Images/lapel_design_labels/9b66f9a68510140b93fcca954e85c73e.jpg,lapel_design_labels,?
Images/lapel_design_labels/3481dab41a176cb7a69ae9315ff1c11a.jpg,lapel_design_labels,?
Images/lapel_design_labels/07bfe3f7c7373d5d3af691245ac8b92b.jpg,lapel_design_labels,?
Images/lapel_design_labels/aab21ca36a79b0309468f16b174dfd44.jpg,lapel_design_labels,?
Images/lapel_design_labels/2cbdb84427f3744c618fd28e8ca8b16e.jpg,lapel_design_labels,?
Images/lapel_design_labels/b8a2b9ed210274871bd83d8fa52752f8.jpg,lapel_design_labels,?
Images/lapel_design_labels/4c7692dead1d0ad8fffc5f58fc27b471.jpg,lapel_design_labels,?
Images/lapel_design_labels/92baf8a7bdf7a9fb24240421f6c713a1.jpg,lapel_design_labels,?
Images/lapel_design_labels/f2340bfb0183ddd996ac493bdf25ed65.jpg,lapel_design_labels,?
Images/lapel_design_labels/88fcc7eefeb05d4aad9be7356ba9c2a9.jpg,lapel_design_labels,?
Images/lapel_design_labels/fea30af527719a40db3c763419089642.jpg,lapel_design_labels,?
Images/lapel_design_labels/087297017e24acd5b7ce2bd222365606.jpg,lapel_design_labels,?
Images/lapel_design_labels/fed08efdead0055dc7f36a1854f24994.jpg,lapel_design_labels,?
Images/lapel_design_labels/0805fba3cab5df3257213788ee5ae25b.jpg,lapel_design_labels,?
Images/lapel_design_labels/0eeea546c3e829008d5bce8371553bdb.jpg,lapel_design_labels,?
